Device,Date,Temperature
Device_1,2016-12-06,0.7895
Device_2,2016-12-06,0.81
Device_1,2016-11-06,0.7504
Device_2,2016-11-06,0.93
Device_1,2016-10-06,0.7292
Device_2,2016-10-06,0.89
Device_1,2016-09-06,0.8767
Device_2,2016-09-06,0.87
Device_1,2016-08-06,0.8998
Device_2,2016-08-06,0.98
Device_1,2016-07-06,0.8687
Device_2,2016-07-06,0.83
Device_1,2016-06-06,0.9006
Device_2,2016-06-06,0.76
Device_1,2016-05-06,0.8738
Device_2,2016-05-06,0.93
Device_1,2016-04-06,1.0733
Device_2,2016-04-06,1.09
Device_1,2016-03-06,1.2245
Device_2,2016-03-06,1.3
Device_1,2016-02-06,1.1921
Device_2,2016-02-06,1.35
Device_1,2016-01-06,1.0569
Device_2,2016-01-06,1.17
Device_1,2015-12-06,1.1219
Device_2,2015-12-06,1.11
Device_1,2015-11-06,0.9655
Device_2,2015-11-06,1.04
Device_1,2015-10-06,0.9913
Device_2,2015-10-06,1.06
Device_1,2015-09-06,0.9260
Device_2,2015-09-06,0.81
Device_1,2015-08-06,0.8746
Device_2,2015-08-06,0.78
Device_1,2015-07-06,0.8072
Device_2,2015-07-06,0.71
Device_1,2015-06-06,0.8835
Device_2,2015-06-06,0.78
Device_1,2015-05-06,0.8584
Device_2,2015-05-06,0.78
Device_1,2015-04-06,0.7741
Device_2,2015-04-06,0.74
Device_1,2015-03-06,0.8969
Device_2,2015-03-06,0.9
Device_1,2015-02-06,0.8843
Device_2,2015-02-06,0.86
Device_1,2015-01-06,0.8141
Device_2,2015-01-06,0.81
Device_1,2014-12-06,0.8308
Device_2,2014-12-06,0.79
Device_1,2014-11-06,0.6895
Device_2,2014-11-06,0.67
Device_1,2014-10-06,0.7851
Device_2,2014-10-06,0.85
Device_1,2014-09-06,0.7872
Device_2,2014-09-06,0.9
Device_1,2014-08-06,0.7986
Device_2,2014-08-06,0.82
Device_1,2014-07-06,0.6988
Device_2,2014-07-06,0.57
Device_1,2014-06-06,0.7623
Device_2,2014-06-06,0.66
Device_1,2014-05-06,0.7938
Device_2,2014-05-06,0.87
Device_1,2014-04-06,0.8006
Device_2,2014-04-06,0.78
Device_1,2014-03-06,0.7695
Device_2,2014-03-06,0.77
Device_1,2014-02-06,0.4800
Device_2,2014-02-06,0.51
Device_1,2014-01-06,0.6936
Device_2,2014-01-06,0.73
Device_1,2013-12-06,0.6981
Device_2,2013-12-06,0.67
Device_1,2013-11-06,0.8293
Device_2,2013-11-06,0.81
Device_1,2013-10-06,0.6787
Device_2,2013-10-06,0.69
Device_1,2013-09-06,0.6857
Device_2,2013-09-06,0.78
Device_1,2013-08-06,0.6605
Device_2,2013-08-06,0.66
Device_1,2013-07-06,0.6662
Device_2,2013-07-06,0.59
Device_1,2013-06-06,0.6838
Device_2,2013-06-06,0.65
Device_1,2013-05-06,0.7141
Device_2,2013-05-06,0.61
Device_1,2013-04-06,0.5610
Device_2,2013-04-06,0.52
Device_1,2013-03-06,0.6139
Device_2,2013-03-06,0.66
Device_1,2013-02-06,0.6357
Device_2,2013-02-06,0.55
Device_1,2013-01-06,0.5873
Device_2,2013-01-06,0.68
Device_1,2012-12-06,0.4655
Device_2,2012-12-06,0.53
Device_1,2012-11-06,0.7087
Device_2,2012-11-06,0.75
Device_1,2012-10-06,0.7022
Device_2,2012-10-06,0.78
Device_1,2012-09-06,0.7266
Device_2,2012-09-06,0.76
Device_1,2012-08-06,0.6694
Device_2,2012-08-06,0.63
Device_1,2012-07-06,0.6884
Device_2,2012-07-06,0.57
Device_1,2012-06-06,0.7039
Device_2,2012-06-06,0.62
Device_1,2012-05-06,0.7221
Device_2,2012-05-06,0.76
Device_1,2012-04-06,0.7335
Device_2,2012-04-06,0.69
Device_1,2012-03-06,0.5218
Device_2,2012-03-06,0.58
Device_1,2012-02-06,0.4235
Device_2,2012-02-06,0.49
Device_1,2012-01-06,0.4228
Device_2,2012-01-06,0.46
Device_1,2011-12-06,0.5485
Device_2,2011-12-06,0.54
Device_1,2011-11-06,0.4857
Device_2,2011-11-06,0.56
Device_1,2011-10-06,0.6349
Device_2,2011-10-06,0.66
Device_1,2011-09-06,0.5998
Device_2,2011-09-06,0.56
Device_1,2011-08-06,0.6160
Device_2,2011-08-06,0.73
Device_1,2011-07-06,0.6282
Device_2,2011-07-06,0.73
Device_1,2011-06-06,0.6465
Device_2,2011-06-06,0.59
Device_1,2011-05-06,0.5741
Device_2,2011-05-06,0.53
Device_1,2011-04-06,0.6522
Device_2,2011-04-06,0.65
Device_1,2011-03-06,0.5915
Device_2,2011-03-06,0.64
Device_1,2011-02-06,0.4976
Device_2,2011-02-06,0.53
Device_1,2011-01-06,0.4706
Device_2,2011-01-06,0.51
Device_1,2010-12-06,0.4894
Device_2,2010-12-06,0.49
Device_1,2010-11-06,0.7682
Device_2,2010-11-06,0.79
Device_1,2010-10-06,0.6268
Device_2,2010-10-06,0.71
Device_1,2010-09-06,0.5724
Device_2,2010-09-06,0.61
Device_1,2010-08-06,0.6595
Device_2,2010-08-06,0.65
Device_1,2010-07-06,0.7287
Device_2,2010-07-06,0.62
Device_1,2010-06-06,0.7339
Device_2,2010-06-06,0.64
Device_1,2010-05-06,0.7582
Device_2,2010-05-06,0.75
Device_1,2010-04-06,0.8287
Device_2,2010-04-06,0.87
Device_1,2010-03-06,0.8470
Device_2,2010-03-06,0.92
Device_1,2010-02-06,0.7080
Device_2,2010-02-06,0.78
Device_1,2010-01-06,0.6958
Device_2,2010-01-06,0.73
Device_1,2009-12-06,0.6176
Device_2,2009-12-06,0.65
Device_1,2009-11-06,0.6716
Device_2,2009-11-06,0.77
Device_1,2009-10-06,0.6418
Device_2,2009-10-06,0.64
Device_1,2009-09-06,0.7083
Device_2,2009-09-06,0.7
Device_1,2009-08-06,0.6998
Device_2,2009-08-06,0.66
Device_1,2009-07-06,0.6439
Device_2,2009-07-06,0.72
Device_1,2009-06-06,0.6741
Device_2,2009-06-06,0.65
Device_1,2009-05-06,0.5868
Device_2,2009-05-06,0.65
Device_1,2009-04-06,0.6539
Device_2,2009-04-06,0.61
Device_1,2009-03-06,0.5794
Device_2,2009-03-06,0.53
Device_1,2009-02-06,0.5679
Device_2,2009-02-06,0.53
Device_1,2009-01-06,0.5955
Device_2,2009-01-06,0.62
Device_1,2008-12-06,0.5635
Device_2,2008-12-06,0.54
Device_1,2008-11-06,0.6703
Device_2,2008-11-06,0.66
Device_1,2008-10-06,0.6690
Device_2,2008-10-06,0.67
Device_1,2008-09-06,0.5318
Device_2,2008-09-06,0.65
Device_1,2008-08-06,0.5594
Device_2,2008-08-06,0.44
Device_1,2008-07-06,0.5796
Device_2,2008-07-06,0.6
Device_1,2008-06-06,0.5314
Device_2,2008-06-06,0.48
Device_1,2008-05-06,0.5011
Device_2,2008-05-06,0.51
Device_1,2008-04-06,0.4827
Device_2,2008-04-06,0.53
Device_1,2008-03-06,0.7625
Device_2,2008-03-06,0.73
Device_1,2008-02-06,0.3774
Device_2,2008-02-06,0.36
Device_1,2008-01-06,0.2746
Device_2,2008-01-06,0.24
Device_1,2007-12-06,0.4872
Device_2,2007-12-06,0.5
Device_1,2007-11-06,0.5172
Device_2,2007-11-06,0.57
Device_1,2007-10-06,0.5670
Device_2,2007-10-06,0.6
Device_1,2007-09-06,0.5775
Device_2,2007-09-06,0.64
Device_1,2007-08-06,0.5509
Device_2,2007-08-06,0.6
Device_1,2007-07-06,0.5286
Device_2,2007-07-06,0.62
Device_1,2007-06-06,0.5374
Device_2,2007-06-06,0.58
Device_1,2007-05-06,0.6090
Device_2,2007-05-06,0.67
Device_1,2007-04-06,0.7336
Device_2,2007-04-06,0.76
Device_1,2007-03-06,0.6668
Device_2,2007-03-06,0.7
Device_1,2007-02-06,0.6609
Device_2,2007-02-06,0.7
Device_1,2007-01-06,0.8839
Device_2,2007-01-06,0.96
Device_1,2006-12-06,0.7692
Device_2,2006-12-06,0.77
Device_1,2006-11-06,0.6449
Device_2,2006-11-06,0.72
Device_1,2006-10-06,0.6774
Device_2,2006-10-06,0.69
Device_1,2006-09-06,0.6337
Device_2,2006-09-06,0.64
Device_1,2006-08-06,0.6231
Device_2,2006-08-06,0.72
Device_1,2006-07-06,0.6218
Device_2,2006-07-06,0.54
Device_1,2006-06-06,0.6399
Device_2,2006-06-06,0.64
Device_1,2006-05-06,0.5499
Device_2,2006-05-06,0.47
Device_1,2006-04-06,0.5177
Device_2,2006-04-06,0.5
Device_1,2006-03-06,0.5931
Device_2,2006-03-06,0.63
Device_1,2006-02-06,0.6221
Device_2,2006-02-06,0.7
Device_1,2006-01-06,0.4567
Device_2,2006-01-06,0.57
Device_1,2005-12-06,0.6235
Device_2,2005-12-06,0.68
Device_1,2005-11-06,0.7280
Device_2,2005-11-06,0.76
Device_1,2005-10-06,0.6930
Device_2,2005-10-06,0.8
Device_1,2005-09-06,0.6867
Device_2,2005-09-06,0.78
Device_1,2005-08-06,0.6247
Device_2,2005-08-06,0.63
Device_1,2005-07-06,0.6572
Device_2,2005-07-06,0.66
Device_1,2005-06-06,0.6722
Device_2,2005-06-06,0.67
Device_1,2005-05-06,0.6573
Device_2,2005-05-06,0.65
Device_1,2005-04-06,0.7314
Device_2,2005-04-06,0.69
Device_1,2005-03-06,0.6918
Device_2,2005-03-06,0.69
Device_1,2005-02-06,0.5143
Device_2,2005-02-06,0.58
Device_1,2005-01-06,0.6223
Device_2,2005-01-06,0.72
Device_1,2004-12-06,0.5081
Device_2,2004-12-06,0.52
Device_1,2004-11-06,0.7601
Device_2,2004-11-06,0.72
Device_1,2004-10-06,0.6177
Device_2,2004-10-06,0.66
Device_1,2004-09-06,0.5331
Device_2,2004-09-06,0.53
Device_1,2004-08-06,0.5141
Device_2,2004-08-06,0.45
Device_1,2004-07-06,0.4806
Device_2,2004-07-06,0.26
Device_1,2004-06-06,0.4707
Device_2,2004-06-06,0.43
Device_1,2004-05-06,0.4442
Device_2,2004-05-06,0.42
Device_1,2004-04-06,0.5940
Device_2,2004-04-06,0.62
Device_1,2004-03-06,0.6964
Device_2,2004-03-06,0.64
Device_1,2004-02-06,0.7232
Device_2,2004-02-06,0.71
Device_1,2004-01-06,0.5979
Device_2,2004-01-06,0.59
Device_1,2003-12-06,0.7361
Device_2,2003-12-06,0.75
Device_1,2003-11-06,0.5784
Device_2,2003-11-06,0.55
Device_1,2003-10-06,0.7271
Device_2,2003-10-06,0.75
Device_1,2003-09-06,0.6412
Device_2,2003-09-06,0.66
Device_1,2003-08-06,0.6202
Device_2,2003-08-06,0.66
Device_1,2003-07-06,0.5408
Device_2,2003-07-06,0.55
Device_1,2003-06-06,0.5381
Device_2,2003-06-06,0.49
Device_1,2003-05-06,0.5954
Device_2,2003-05-06,0.62
Device_1,2003-04-06,0.5601
Device_2,2003-04-06,0.55
Device_1,2003-03-06,0.5702
Device_2,2003-03-06,0.57
Device_1,2003-02-06,0.5626
Device_2,2003-02-06,0.55
Device_1,2003-01-06,0.6907
Device_2,2003-01-06,0.73
Device_1,2002-12-06,0.4366
Device_2,2002-12-06,0.43
Device_1,2002-11-06,0.5918
Device_2,2002-11-06,0.59
Device_1,2002-10-06,0.4773
Device_2,2002-10-06,0.57
Device_1,2002-09-06,0.5661
Device_2,2002-09-06,0.65
Device_1,2002-08-06,0.5359
Device_2,2002-08-06,0.55
Device_1,2002-07-06,0.6229
Device_2,2002-07-06,0.62
Device_1,2002-06-06,0.5890
Device_2,2002-06-06,0.54
Device_1,2002-05-06,0.5656
Device_2,2002-05-06,0.65
Device_1,2002-04-06,0.5725
Device_2,2002-04-06,0.58
Device_1,2002-03-06,0.7887
Device_2,2002-03-06,0.91
Device_1,2002-02-06,0.7846
Device_2,2002-02-06,0.76
Device_1,2002-01-06,0.6962
Device_2,2002-01-06,0.75
Device_1,2001-12-06,0.5128
Device_2,2001-12-06,0.55
Device_1,2001-11-06,0.6880
Device_2,2001-11-06,0.7
Device_1,2001-10-06,0.5006
Device_2,2001-10-06,0.52
Device_1,2001-09-06,0.5050
Device_2,2001-09-06,0.56
Device_1,2001-08-06,0.6032
Device_2,2001-08-06,0.49
Device_1,2001-07-06,0.5586
Device_2,2001-07-06,0.61
Device_1,2001-06-06,0.5373
Device_2,2001-06-06,0.55
Device_1,2001-05-06,0.5997
Device_2,2001-05-06,0.59
Device_1,2001-04-06,0.5666
Device_2,2001-04-06,0.52
Device_1,2001-03-06,0.6293
Device_2,2001-03-06,0.58
Device_1,2001-02-06,0.3946
Device_2,2001-02-06,0.46
Device_1,2001-01-06,0.4720
Device_2,2001-01-06,0.44
Device_1,2000-12-06,0.3192
Device_2,2000-12-06,0.3
Device_1,2000-11-06,0.2557
Device_2,2000-11-06,0.34
Device_1,2000-10-06,0.3027
Device_2,2000-10-06,0.3
Device_1,2000-09-06,0.4384
Device_2,2000-09-06,0.42
Device_1,2000-08-06,0.4557
Device_2,2000-08-06,0.43
Device_1,2000-07-06,0.3919
Device_2,2000-07-06,0.42
Device_1,2000-06-06,0.4076
Device_2,2000-06-06,0.44
Device_1,2000-05-06,0.4657
Device_2,2000-05-06,0.4
Device_1,2000-04-06,0.6311
Device_2,2000-04-06,0.59
Device_1,2000-03-06,0.5561
Device_2,2000-03-06,0.6
Device_1,2000-02-06,0.5439
Device_2,2000-02-06,0.58
Device_1,2000-01-06,0.3467
Device_2,2000-01-06,0.26
Device_1,1999-12-06,0.5779
Device_2,1999-12-06,0.46
Device_1,1999-11-06,0.3688
Device_2,1999-11-06,0.42
Device_1,1999-10-06,0.3773
Device_2,1999-10-06,0.43
Device_1,1999-09-06,0.3976
Device_2,1999-09-06,0.43
Device_1,1999-08-06,0.3695
Device_2,1999-08-06,0.34
Device_1,1999-07-06,0.4029
Device_2,1999-07-06,0.41
Device_1,1999-06-06,0.4203
Device_2,1999-06-06,0.37
Device_1,1999-05-06,0.4086
Device_2,1999-05-06,0.33
Device_1,1999-04-06,0.4590
Device_2,1999-04-06,0.34
Device_1,1999-03-06,0.3702
Device_2,1999-03-06,0.34
Device_1,1999-02-06,0.6733
Device_2,1999-02-06,0.66
Device_1,1999-01-06,0.5007
Device_2,1999-01-06,0.48
Device_1,1998-12-06,0.5796
Device_2,1998-12-06,0.56
Device_1,1998-11-06,0.4132
Device_2,1998-11-06,0.5
Device_1,1998-10-06,0.4965
Device_2,1998-10-06,0.47
Device_1,1998-09-06,0.5271
Device_2,1998-09-06,0.45
Device_1,1998-08-06,0.6816
Device_2,1998-08-06,0.68
Device_1,1998-07-06,0.7358
Device_2,1998-07-06,0.71
Device_1,1998-06-06,0.6657
Device_2,1998-06-06,0.78
Device_1,1998-05-06,0.6679
Device_2,1998-05-06,0.71
Device_1,1998-04-06,0.7358
Device_2,1998-04-06,0.64
Device_1,1998-03-06,0.6396
Device_2,1998-03-06,0.63
Device_1,1998-02-06,0.8660
Device_2,1998-02-06,0.9
Device_1,1998-01-06,0.6042
Device_2,1998-01-06,0.61
Device_1,1997-12-06,0.6302
Device_2,1997-12-06,0.6
Device_1,1997-11-06,0.5865
Device_2,1997-11-06,0.66
Device_1,1997-10-06,0.6487
Device_2,1997-10-06,0.64
Device_1,1997-09-06,0.6250
Device_2,1997-09-06,0.56
Device_1,1997-08-06,0.5491
Device_2,1997-08-06,0.43
Device_1,1997-07-06,0.5101
Device_2,1997-07-06,0.35
Device_1,1997-06-06,0.5308
Device_2,1997-06-06,0.55
Device_1,1997-05-06,0.4235
Device_2,1997-05-06,0.39
Device_1,1997-04-06,0.4551
Device_2,1997-04-06,0.38
Device_1,1997-03-06,0.4617
Device_2,1997-03-06,0.52
Device_1,1997-02-06,0.4288
Device_2,1997-02-06,0.37
Device_1,1997-01-06,0.3746
Device_2,1997-01-06,0.33
Device_1,1996-12-06,0.3893
Device_2,1996-12-06,0.41
Device_1,1996-11-06,0.2816
Device_2,1996-11-06,0.42
Device_1,1996-10-06,0.2276
Device_2,1996-10-06,0.2
Device_1,1996-09-06,0.2696
Device_2,1996-09-06,0.27
Device_1,1996-08-06,0.3206
Device_2,1996-08-06,0.49
Device_1,1996-07-06,0.3238
Device_2,1996-07-06,0.37
Device_1,1996-06-06,0.3547
Device_2,1996-06-06,0.27
Device_1,1996-05-06,0.3908
Device_2,1996-05-06,0.3
Device_1,1996-04-06,0.2725
Device_2,1996-04-06,0.38
Device_1,1996-03-06,0.3242
Device_2,1996-03-06,0.34
Device_1,1996-02-06,0.4562
Device_2,1996-02-06,0.5
Device_1,1996-01-06,0.2625
Device_2,1996-01-06,0.27
Device_1,1995-12-06,0.3477
Device_2,1995-12-06,0.3
Device_1,1995-11-06,0.4550
Device_2,1995-11-06,0.45
Device_1,1995-10-06,0.4376
Device_2,1995-10-06,0.49
Device_1,1995-09-06,0.3865
Device_2,1995-09-06,0.34
Device_1,1995-08-06,0.5056
Device_2,1995-08-06,0.48
Device_1,1995-07-06,0.4295
Device_2,1995-07-06,0.49
Device_1,1995-06-06,0.4657
Device_2,1995-06-06,0.45
Device_1,1995-05-06,0.3537
Device_2,1995-05-06,0.29
Device_1,1995-04-06,0.4097
Device_2,1995-04-06,0.47
Device_1,1995-03-06,0.4637
Device_2,1995-03-06,0.45
Device_1,1995-02-06,0.6895
Device_2,1995-02-06,0.77
Device_1,1995-01-06,0.5487
Device_2,1995-01-06,0.5
Device_1,1994-12-06,0.4009
Device_2,1994-12-06,0.36
Device_1,1994-11-06,0.4530
Device_2,1994-11-06,0.46
Device_1,1994-10-06,0.4273
Device_2,1994-10-06,0.42
Device_1,1994-09-06,0.3300
Device_2,1994-09-06,0.32
Device_1,1994-08-06,0.3119
Device_2,1994-08-06,0.23
Device_1,1994-07-06,0.3155
Device_2,1994-07-06,0.32
Device_1,1994-06-06,0.3870
Device_2,1994-06-06,0.42
Device_1,1994-05-06,0.3819
Device_2,1994-05-06,0.29
Device_1,1994-04-06,0.3568
Device_2,1994-04-06,0.41
Device_1,1994-03-06,0.3568
Device_2,1994-03-06,0.26
Device_1,1994-02-06,0.0791
Device_2,1994-02-06,0.04
Device_1,1994-01-06,0.2902
Device_2,1994-01-06,0.3
Device_1,1993-12-06,0.3188
Device_2,1993-12-06,0.19
Device_1,1993-11-06,0.0920
Device_2,1993-11-06,0.07
Device_1,1993-10-06,0.2442
Device_2,1993-10-06,0.24
Device_1,1993-09-06,0.1692
Device_2,1993-09-06,0.11
Device_1,1993-08-06,0.2118
Device_2,1993-08-06,0.13
Device_1,1993-07-06,0.2336
Device_2,1993-07-06,0.28
Device_1,1993-06-06,0.2930
Device_2,1993-06-06,0.24
Device_1,1993-05-06,0.3438
Device_2,1993-05-06,0.26
Device_1,1993-04-06,0.3155
Device_2,1993-04-06,0.28
Device_1,1993-03-06,0.4208
Device_2,1993-03-06,0.36
Device_1,1993-02-06,0.3967
Device_2,1993-02-06,0.39
Device_1,1993-01-06,0.3840
Device_2,1993-01-06,0.37
Device_1,1992-12-06,0.2833
Device_2,1992-12-06,0.22
Device_1,1992-11-06,0.0943
Device_2,1992-11-06,0.04
Device_1,1992-10-06,0.1154
Device_2,1992-10-06,0.11
Device_1,1992-09-06,0.0588
Device_2,1992-09-06,0.01
Device_1,1992-08-06,0.1405
Device_2,1992-08-06,0.1
Device_1,1992-07-06,0.1359
Device_2,1992-07-06,0.13
Device_1,1992-06-06,0.2821
Device_2,1992-06-06,0.24
Device_1,1992-05-06,0.3276
Device_2,1992-05-06,0.32
Device_1,1992-04-06,0.2936
Device_2,1992-04-06,0.24
Device_1,1992-03-06,0.4333
Device_2,1992-03-06,0.47
Device_1,1992-02-06,0.4485
Device_2,1992-02-06,0.42
Device_1,1992-01-06,0.4721
Device_2,1992-01-06,0.45
Device_1,1991-12-06,0.3064
Device_2,1991-12-06,0.33
Device_1,1991-11-06,0.3175
Device_2,1991-11-06,0.31
Device_1,1991-10-06,0.3292
Device_2,1991-10-06,0.32
Device_1,1991-09-06,0.3863
Device_2,1991-09-06,0.5
Device_1,1991-08-06,0.3880
Device_2,1991-08-06,0.42
Device_1,1991-07-06,0.4462
Device_2,1991-07-06,0.51
Device_1,1991-06-06,0.4813
Device_2,1991-06-06,0.54
Device_1,1991-05-06,0.4107
Device_2,1991-05-06,0.39
Device_1,1991-04-06,0.5168
Device_2,1991-04-06,0.53
Device_1,1991-03-06,0.3658
Device_2,1991-03-06,0.36
Device_1,1991-02-06,0.4661
Device_2,1991-02-06,0.51
Device_1,1991-01-06,0.4512
Device_2,1991-01-06,0.42
Device_1,1990-12-06,0.4481
Device_2,1990-12-06,0.42
Device_1,1990-11-06,0.4797
Device_2,1990-11-06,0.46
Device_1,1990-10-06,0.4277
Device_2,1990-10-06,0.43
Device_1,1990-09-06,0.3144
Device_2,1990-09-06,0.3
Device_1,1990-08-06,0.3479
Device_2,1990-08-06,0.3
Device_1,1990-07-06,0.3453
Device_2,1990-07-06,0.44
Device_1,1990-06-06,0.4114
Device_2,1990-06-06,0.38
Device_1,1990-05-06,0.4274
Device_2,1990-05-06,0.46
Device_1,1990-04-06,0.4907
Device_2,1990-04-06,0.55
Device_1,1990-03-06,0.7328
Device_2,1990-03-06,0.76
Device_1,1990-02-06,0.4072
Device_2,1990-02-06,0.41
Device_1,1990-01-06,0.3613
Device_2,1990-01-06,0.41
Device_1,1989-12-06,0.4013
Device_2,1989-12-06,0.37
Device_1,1989-11-06,0.2541
Device_2,1989-11-06,0.21
Device_1,1989-10-06,0.3044
Device_2,1989-10-06,0.32
Device_1,1989-09-06,0.3019
Device_2,1989-09-06,0.37
Device_1,1989-08-06,0.3021
Device_2,1989-08-06,0.36
Device_1,1989-07-06,0.3016
Device_2,1989-07-06,0.34
Device_1,1989-06-06,0.2727
Device_2,1989-06-06,0.15
Device_1,1989-05-06,0.2779
Device_2,1989-05-06,0.17
Device_1,1989-04-06,0.2891
Device_2,1989-04-06,0.33
Device_1,1989-03-06,0.3360
Device_2,1989-03-06,0.36
Device_1,1989-02-06,0.3072
Device_2,1989-02-06,0.35
Device_1,1989-01-06,0.2157
Device_2,1989-01-06,0.16
Device_1,1988-12-06,0.3626
Device_2,1988-12-06,0.34
Device_1,1988-11-06,0.2291
Device_2,1988-11-06,0.13
Device_1,1988-10-06,0.3009
Device_2,1988-10-06,0.4
Device_1,1988-09-06,0.3211
Device_2,1988-09-06,0.42
Device_1,1988-08-06,0.3199
Device_2,1988-08-06,0.46
Device_1,1988-07-06,0.3431
Device_2,1988-07-06,0.35
Device_1,1988-06-06,0.3865
Device_2,1988-06-06,0.42
Device_1,1988-05-06,0.3811
Device_2,1988-05-06,0.44
Device_1,1988-04-06,0.4426
Device_2,1988-04-06,0.45
Device_1,1988-03-06,0.4828
Device_2,1988-03-06,0.49
Device_1,1988-02-06,0.3901
Device_2,1988-02-06,0.42
Device_1,1988-01-06,0.5487
Device_2,1988-01-06,0.57
Device_1,1987-12-06,0.5316
Device_2,1987-12-06,0.47
Device_1,1987-11-06,0.3306
Device_2,1987-11-06,0.25
Device_1,1987-10-06,0.3347
Device_2,1987-10-06,0.32
Device_1,1987-09-06,0.4321
Device_2,1987-09-06,0.39
Device_1,1987-08-06,0.3832
Device_2,1987-08-06,0.28
Device_1,1987-07-06,0.4182
Device_2,1987-07-06,0.46
Device_1,1987-06-06,0.3013
Device_2,1987-06-06,0.36
Device_1,1987-05-06,0.3339
Device_2,1987-05-06,0.26
Device_1,1987-04-06,0.3009
Device_2,1987-04-06,0.24
Device_1,1987-03-06,0.2541
Device_2,1987-03-06,0.17
Device_1,1987-02-06,0.5028
Device_2,1987-02-06,0.46
Device_1,1987-01-06,0.3115
Device_2,1987-01-06,0.36
Device_1,1986-12-06,0.2179
Device_2,1986-12-06,0.16
Device_1,1986-11-06,0.1548
Device_2,1986-11-06,0.11
Device_1,1986-10-06,0.2066
Device_2,1986-10-06,0.14
Device_1,1986-09-06,0.1716
Device_2,1986-09-06,0.02
Device_1,1986-08-06,0.1698
Device_2,1986-08-06,0.12
Device_1,1986-07-06,0.1686
Device_2,1986-07-06,0.13
Device_1,1986-06-06,0.2534
Device_2,1986-06-06,0.12
Device_1,1986-05-06,0.2507
Device_2,1986-05-06,0.26
Device_1,1986-04-06,0.2613
Device_2,1986-04-06,0.26
Device_1,1986-03-06,0.2966
Device_2,1986-03-06,0.29
Device_1,1986-02-06,0.2788
Device_2,1986-02-06,0.39
Device_1,1986-01-06,0.3249
Device_2,1986-01-06,0.3
Device_1,1985-12-06,0.1978
Device_2,1985-12-06,0.15
Device_1,1985-11-06,0.1181
Device_2,1985-11-06,0.09
Device_1,1985-10-06,0.1303
Device_2,1985-10-06,0.11
Device_1,1985-09-06,0.1010
Device_2,1985-09-06,0.14
Device_1,1985-08-06,0.1287
Device_2,1985-08-06,0.15
Device_1,1985-07-06,0.0779
Device_2,1985-07-06,0.0
Device_1,1985-06-06,0.1290
Device_2,1985-06-06,0.17
Device_1,1985-05-06,0.1959
Device_2,1985-05-06,0.17
Device_1,1985-04-06,0.1488
Device_2,1985-04-06,0.11
Device_1,1985-03-06,0.1875
Device_2,1985-03-06,0.17
Device_1,1985-02-06,0.0176
Device_2,1985-02-06,-0.06
Device_1,1985-01-06,0.1783
Device_2,1985-01-06,0.21
Device_1,1984-12-06,-0.0926
Device_2,1984-12-06,-0.06
Device_1,1984-11-06,0.0365
Device_2,1984-11-06,0.04
Device_1,1984-10-06,0.1187
Device_2,1984-10-06,0.15
Device_1,1984-09-06,0.1431
Device_2,1984-09-06,0.2
Device_1,1984-08-06,0.1687
Device_2,1984-08-06,0.15
Device_1,1984-07-06,0.1193
Device_2,1984-07-06,0.16
Device_1,1984-06-06,0.1306
Device_2,1984-06-06,0.04
Device_1,1984-05-06,0.2834
Device_2,1984-05-06,0.33
Device_1,1984-04-06,0.1503
Device_2,1984-04-06,0.08
Device_1,1984-03-06,0.2720
Device_2,1984-03-06,0.29
Device_1,1984-02-06,0.1753
Device_2,1984-02-06,0.17
Device_1,1984-01-06,0.2831
Device_2,1984-01-06,0.3
Device_1,1983-12-06,0.2748
Device_2,1983-12-06,0.17
Device_1,1983-11-06,0.4313
Device_2,1983-11-06,0.3
Device_1,1983-10-06,0.2113
Device_2,1983-10-06,0.15
Device_1,1983-09-06,0.3175
Device_2,1983-09-06,0.38
Device_1,1983-08-06,0.3228
Device_2,1983-08-06,0.3
Device_1,1983-07-06,0.2663
Device_2,1983-07-06,0.15
Device_1,1983-06-06,0.2629
Device_2,1983-06-06,0.18
Device_1,1983-05-06,0.2881
Device_2,1983-05-06,0.35
Device_1,1983-04-06,0.2918
Device_2,1983-04-06,0.3
Device_1,1983-03-06,0.4256
Device_2,1983-03-06,0.42
Device_1,1983-02-06,0.4834
Device_2,1983-02-06,0.4
Device_1,1983-01-06,0.5169
Device_2,1983-01-06,0.52
Device_1,1982-12-06,0.4355
Device_2,1982-12-06,0.43
Device_1,1982-11-06,0.1510
Device_2,1982-11-06,0.14
Device_1,1982-10-06,0.1771
Device_2,1982-10-06,0.13
Device_1,1982-09-06,0.2330
Device_2,1982-09-06,0.15
Device_1,1982-08-06,0.1406
Device_2,1982-08-06,0.08
Device_1,1982-07-06,0.1436
Device_2,1982-07-06,0.13
Device_1,1982-06-06,0.1231
Device_2,1982-06-06,0.05
Device_1,1982-05-06,0.1923
Device_2,1982-05-06,0.16
Device_1,1982-04-06,0.2054
Device_2,1982-04-06,0.1
Device_1,1982-03-06,0.0833
Device_2,1982-03-06,-0.01
Device_1,1982-02-06,0.1593
Device_2,1982-02-06,0.14
Device_1,1982-01-06,0.1342
Device_2,1982-01-06,0.09
Device_1,1981-12-06,0.4200
Device_2,1981-12-06,0.4
Device_1,1981-11-06,0.2119
Device_2,1981-11-06,0.21
Device_1,1981-10-06,0.1687
Device_2,1981-10-06,0.13
Device_1,1981-09-06,0.1860
Device_2,1981-09-06,0.17
Device_1,1981-08-06,0.2428
Device_2,1981-08-06,0.35
Device_1,1981-07-06,0.2268
Device_2,1981-07-06,0.35
Device_1,1981-06-06,0.2853
Device_2,1981-06-06,0.31
Device_1,1981-05-06,0.2620
Device_2,1981-05-06,0.25
Device_1,1981-04-06,0.3579
Device_2,1981-04-06,0.32
Device_1,1981-03-06,0.4083
Device_2,1981-03-06,0.48
Device_1,1981-02-06,0.3629
Device_2,1981-02-06,0.41
Device_1,1981-01-06,0.4656
Device_2,1981-01-06,0.56
Device_1,1980-12-06,0.2674
Device_2,1980-12-06,0.21
Device_1,1980-11-06,0.3319
Device_2,1980-11-06,0.3
Device_1,1980-10-06,0.1821
Device_2,1980-10-06,0.2
Device_1,1980-09-06,0.2008
Device_2,1980-09-06,0.21
Device_1,1980-08-06,0.1957
Device_2,1980-08-06,0.24
Device_1,1980-07-06,0.2172
Device_2,1980-07-06,0.28
Device_1,1980-06-06,0.2474
Device_2,1980-06-06,0.16
Device_1,1980-05-06,0.3160
Device_2,1980-05-06,0.34
Device_1,1980-04-06,0.3082
Device_2,1980-04-06,0.32
Device_1,1980-03-06,0.2389
Device_2,1980-03-06,0.29
Device_1,1980-02-06,0.3506
Device_2,1980-02-06,0.42
Device_1,1980-01-06,0.3080
Device_2,1980-01-06,0.3
Device_1,1979-12-06,0.5032
Device_2,1979-12-06,0.47
Device_1,1979-11-06,0.2953
Device_2,1979-11-06,0.29
Device_1,1979-10-06,0.2945
Device_2,1979-10-06,0.26
Device_1,1979-09-06,0.2519
Device_2,1979-09-06,0.27
Device_1,1979-08-06,0.2263
Device_2,1979-08-06,0.14
Device_1,1979-07-06,0.1746
Device_2,1979-07-06,0.03
Device_1,1979-06-06,0.2183
Device_2,1979-06-06,0.14
Device_1,1979-05-06,0.1569
Device_2,1979-05-06,0.06
Device_1,1979-04-06,0.1112
Device_2,1979-04-06,0.13
Device_1,1979-03-06,0.2430
Device_2,1979-03-06,0.19
Device_1,1979-02-06,0.0922
Device_2,1979-02-06,-0.09
Device_1,1979-01-06,0.1602
Device_2,1979-01-06,0.14
Device_1,1978-12-06,0.1512
Device_2,1978-12-06,0.11
Device_1,1978-11-06,0.2245
Device_2,1978-11-06,0.16
Device_1,1978-10-06,0.0646
Device_2,1978-10-06,0.0
Device_1,1978-09-06,0.0748
Device_2,1978-09-06,0.05
Device_1,1978-08-06,0.0033
Device_2,1978-08-06,-0.18
Device_1,1978-07-06,0.0699
Device_2,1978-07-06,0.07
Device_1,1978-06-06,0.0532
Device_2,1978-06-06,-0.03
Device_1,1978-05-06,0.0596
Device_2,1978-05-06,0.07
Device_1,1978-04-06,0.1324
Device_2,1978-04-06,0.15
Device_1,1978-03-06,0.2228
Device_2,1978-03-06,0.21
Device_1,1978-02-06,0.1306
Device_2,1978-02-06,0.14
Device_1,1978-01-06,0.1606
Device_2,1978-01-06,0.08
Device_1,1977-12-06,0.1124
Device_2,1977-12-06,0.05
Device_1,1977-11-06,0.2603
Device_2,1977-11-06,0.2
Device_1,1977-10-06,0.1189
Device_2,1977-10-06,0.04
Device_1,1977-09-06,0.1867
Device_2,1977-09-06,0.02
Device_1,1977-08-06,0.1418
Device_2,1977-08-06,0.19
Device_1,1977-07-06,0.1737
Device_2,1977-07-06,0.23
Device_1,1977-06-06,0.2474
Device_2,1977-06-06,0.25
Device_1,1977-05-06,0.2368
Device_2,1977-05-06,0.3
Device_1,1977-04-06,0.2820
Device_2,1977-04-06,0.27
Device_1,1977-03-06,0.3109
Device_2,1977-03-06,0.25
Device_1,1977-02-06,0.2384
Device_2,1977-02-06,0.2
Device_1,1977-01-06,0.0639
Device_2,1977-01-06,0.18
Device_1,1976-12-06,0.0906
Device_2,1976-12-06,0.09
Device_1,1976-11-06,-0.0432
Device_2,1976-11-06,-0.06
Device_1,1976-10-06,-0.1821
Device_2,1976-10-06,-0.26
Device_1,1976-09-06,-0.0426
Device_2,1976-09-06,-0.09
Device_1,1976-08-06,-0.0894
Device_2,1976-08-06,-0.18
Device_1,1976-07-06,-0.0846
Device_2,1976-07-06,-0.12
Device_1,1976-06-06,-0.0740
Device_2,1976-06-06,-0.15
Device_1,1976-05-06,-0.1228
Device_2,1976-05-06,-0.23
Device_1,1976-04-06,-0.0223
Device_2,1976-04-06,-0.1
Device_1,1976-03-06,-0.2394
Device_2,1976-03-06,-0.21
Device_1,1976-02-06,-0.1221
Device_2,1976-02-06,-0.06
Device_1,1976-01-06,-0.0181
Device_2,1976-01-06,0.0
Device_1,1975-12-06,-0.0895
Device_2,1975-12-06,-0.17
Device_1,1975-11-06,-0.1450
Device_2,1975-11-06,-0.16
Device_1,1975-10-06,-0.1236
Device_2,1975-10-06,-0.09
Device_1,1975-09-06,0.0170
Device_2,1975-09-06,-0.03
Device_1,1975-08-06,-0.0671
Device_2,1975-08-06,-0.2
Device_1,1975-07-06,0.0055
Device_2,1975-07-06,-0.03
Device_1,1975-06-06,0.0342
Device_2,1975-06-06,-0.02
Device_1,1975-05-06,0.0693
Device_2,1975-05-06,0.16
Device_1,1975-04-06,0.0779
Device_2,1975-04-06,0.06
Device_1,1975-03-06,0.1096
Device_2,1975-03-06,0.14
Device_1,1975-02-06,0.0326
Device_2,1975-02-06,0.07
Device_1,1975-01-06,0.1201
Device_2,1975-01-06,0.07
Device_1,1974-12-06,-0.0976
Device_2,1974-12-06,-0.09
Device_1,1974-11-06,-0.0671
Device_2,1974-11-06,-0.07
Device_1,1974-10-06,-0.0831
Device_2,1974-10-06,-0.07
Device_1,1974-09-06,-0.0428
Device_2,1974-09-06,-0.12
Device_1,1974-08-06,0.0131
Device_2,1974-08-06,0.12
Device_1,1974-07-06,0.0195
Device_2,1974-07-06,-0.03
Device_1,1974-06-06,-0.0375
Device_2,1974-06-06,-0.05
Device_1,1974-05-06,-0.0246
Device_2,1974-05-06,-0.01
Device_1,1974-04-06,-0.0420
Device_2,1974-04-06,-0.1
Device_1,1974-03-06,-0.0509
Device_2,1974-03-06,-0.05
Device_1,1974-02-06,-0.2548
Device_2,1974-02-06,-0.28
Device_1,1974-01-06,-0.1953
Device_2,1974-01-06,-0.14
Device_1,1973-12-06,0.0277
Device_2,1973-12-06,-0.06
Device_1,1973-11-06,0.0220
Device_2,1973-11-06,0.06
Device_1,1973-10-06,0.0446
Device_2,1973-10-06,0.12
Device_1,1973-09-06,0.0563
Device_2,1973-09-06,0.06
Device_1,1973-08-06,0.0774
Device_2,1973-08-06,0.02
Device_1,1973-07-06,0.1163
Device_2,1973-07-06,0.09
Device_1,1973-06-06,0.1972
Device_2,1973-06-06,0.16
Device_1,1973-05-06,0.2152
Device_2,1973-05-06,0.26
Device_1,1973-04-06,0.2502
Device_2,1973-04-06,0.25
Device_1,1973-03-06,0.3305
Device_2,1973-03-06,0.26
Device_1,1973-02-06,0.3722
Device_2,1973-02-06,0.3
Device_1,1973-01-06,0.2590
Device_2,1973-01-06,0.28
Device_1,1972-12-06,0.2529
Device_2,1972-12-06,0.18
Device_1,1972-11-06,0.0799
Device_2,1972-11-06,0.03
Device_1,1972-10-06,0.0891
Device_2,1972-10-06,0.09
Device_1,1972-09-06,0.0207
Device_2,1972-09-06,0.03
Device_1,1972-08-06,0.0863
Device_2,1972-08-06,0.18
Device_1,1972-07-06,0.0639
Device_2,1972-07-06,0.02
Device_1,1972-06-06,0.0765
Device_2,1972-06-06,0.04
Device_1,1972-05-06,0.0147
Device_2,1972-05-06,-0.03
Device_1,1972-04-06,0.0357
Device_2,1972-04-06,-0.01
Device_1,1972-03-06,0.0014
Device_2,1972-03-06,0.02
Device_1,1972-02-06,-0.1624
Device_2,1972-02-06,-0.17
Device_1,1972-01-06,-0.2415
Device_2,1972-01-06,-0.24
Device_1,1971-12-06,-0.0198
Device_2,1971-12-06,-0.08
Device_1,1971-11-06,0.0363
Device_2,1971-11-06,-0.04
Device_1,1971-10-06,-0.0763
Device_2,1971-10-06,-0.05
Device_1,1971-09-06,-0.0443
Device_2,1971-09-06,-0.01
Device_1,1971-08-06,-0.0688
Device_2,1971-08-06,-0.03
Device_1,1971-07-06,-0.0630
Device_2,1971-07-06,-0.12
Device_1,1971-06-06,-0.1243
Device_2,1971-06-06,-0.18
Device_1,1971-05-06,-0.0899
Device_2,1971-05-06,-0.06
Device_1,1971-04-06,-0.1299
Device_2,1971-04-06,-0.09
Device_1,1971-03-06,-0.1412
Device_2,1971-03-06,-0.18
Device_1,1971-02-06,-0.2144
Device_2,1971-02-06,-0.2
Device_1,1971-01-06,-0.0045
Device_2,1971-01-06,-0.02
Device_1,1970-12-06,-0.0954
Device_2,1970-12-06,-0.13
Device_1,1970-11-06,0.0226
Device_2,1970-11-06,0.01
Device_1,1970-10-06,-0.0367
Device_2,1970-10-06,0.05
Device_1,1970-09-06,0.0077
Device_2,1970-09-06,0.11
Device_1,1970-08-06,-0.0198
Device_2,1970-08-06,-0.11
Device_1,1970-07-06,-0.0218
Device_2,1970-07-06,-0.04
Device_1,1970-06-06,0.0295
Device_2,1970-06-06,-0.03
Device_1,1970-05-06,0.0414
Device_2,1970-05-06,-0.05
Device_1,1970-04-06,0.1310
Device_2,1970-04-06,0.09
Device_1,1970-03-06,0.0317
Device_2,1970-03-06,0.08
Device_1,1970-02-06,0.2353
Device_2,1970-02-06,0.22
Device_1,1970-01-06,0.1214
Device_2,1970-01-06,0.09
Device_1,1969-12-06,0.2468
Device_2,1969-12-06,0.27
Device_1,1969-11-06,0.1896
Device_2,1969-11-06,0.12
Device_1,1969-10-06,0.0713
Device_2,1969-10-06,0.11
Device_1,1969-09-06,0.0843
Device_2,1969-09-06,0.1
Device_1,1969-08-06,0.0954
Device_2,1969-08-06,0.03
Device_1,1969-07-06,0.0933
Device_2,1969-07-06,-0.01
Device_1,1969-06-06,0.0766
Device_2,1969-06-06,0.05
Device_1,1969-05-06,0.1756
Device_2,1969-05-06,0.2
Device_1,1969-04-06,0.1935
Device_2,1969-04-06,0.19
Device_1,1969-03-06,0.1222
Device_2,1969-03-06,0.0
Device_1,1969-02-06,-0.1038
Device_2,1969-02-06,-0.14
Device_1,1969-01-06,-0.1295
Device_2,1969-01-06,-0.11
Device_1,1968-12-06,-0.0431
Device_2,1968-12-06,-0.14
Device_1,1968-11-06,0.0156
Device_2,1968-11-06,-0.04
Device_1,1968-10-06,0.0471
Device_2,1968-10-06,0.12
Device_1,1968-09-06,-0.0112
Device_2,1968-09-06,-0.18
Device_1,1968-08-06,-0.0143
Device_2,1968-08-06,-0.11
Device_1,1968-07-06,-0.0197
Device_2,1968-07-06,-0.11
Device_1,1968-06-06,-0.0161
Device_2,1968-06-06,-0.06
Device_1,1968-05-06,-0.0803
Device_2,1968-05-06,-0.1
Device_1,1968-04-06,-0.0703
Device_2,1968-04-06,-0.05
Device_1,1968-03-06,0.1508
Device_2,1968-03-06,0.21
Device_1,1968-02-06,-0.1266
Device_2,1968-02-06,-0.15
Device_1,1968-01-06,-0.1865
Device_2,1968-01-06,-0.23
Device_1,1967-12-06,-0.0400
Device_2,1967-12-06,-0.02
Device_1,1967-11-06,-0.0212
Device_2,1967-11-06,-0.06
Device_1,1967-10-06,0.1288
Device_2,1967-10-06,0.06
Device_1,1967-09-06,-0.0317
Device_2,1967-09-06,-0.04
Device_1,1967-08-06,-0.0055
Device_2,1967-08-06,0.02
Device_1,1967-07-06,-0.0177
Device_2,1967-07-06,0.01
Device_1,1967-06-06,-0.0299
Device_2,1967-06-06,-0.08
Device_1,1967-05-06,0.1243
Device_2,1967-05-06,0.14
Device_1,1967-04-06,0.0056
Device_2,1967-04-06,-0.05
Device_1,1967-03-06,0.0029
Device_2,1967-03-06,0.03
Device_1,1967-02-06,-0.1656
Device_2,1967-02-06,-0.2
Device_1,1967-01-06,-0.1068
Device_2,1967-01-06,-0.06
Device_1,1966-12-06,-0.1244
Device_2,1966-12-06,-0.06
Device_1,1966-11-06,-0.0465
Device_2,1966-11-06,-0.02
Device_1,1966-10-06,-0.0592
Device_2,1966-10-06,-0.15
Device_1,1966-09-06,0.0261
Device_2,1966-09-06,-0.01
Device_1,1966-08-06,0.0191
Device_2,1966-08-06,-0.1
Device_1,1966-07-06,0.0667
Device_2,1966-07-06,0.09
Device_1,1966-06-06,0.0577
Device_2,1966-06-06,0.02
Device_1,1966-05-06,-0.0359
Device_2,1966-05-06,-0.1
Device_1,1966-04-06,-0.0908
Device_2,1966-04-06,-0.13
Device_1,1966-03-06,-0.0025
Device_2,1966-03-06,0.04
Device_1,1966-02-06,-0.0373
Device_2,1966-02-06,0.0
Device_1,1966-01-06,-0.0458
Device_2,1966-01-06,-0.16
Device_1,1965-12-06,-0.0124
Device_2,1965-12-06,-0.05
Device_1,1965-11-06,-0.0900
Device_2,1965-11-06,-0.06
Device_1,1965-10-06,0.0238
Device_2,1965-10-06,-0.04
Device_1,1965-09-06,-0.0503
Device_2,1965-09-06,-0.15
Device_1,1965-08-06,-0.0464
Device_2,1965-08-06,-0.01
Device_1,1965-07-06,-0.0841
Device_2,1965-07-06,-0.12
Device_1,1965-06-06,-0.0434
Device_2,1965-06-06,-0.08
Device_1,1965-05-06,-0.0787
Device_2,1965-05-06,-0.14
Device_1,1965-04-06,-0.1875
Device_2,1965-04-06,-0.2
Device_1,1965-03-06,-0.1005
Device_2,1965-03-06,-0.11
Device_1,1965-02-06,-0.1966
Device_2,1965-02-06,-0.17
Device_1,1965-01-06,-0.0699
Device_2,1965-01-06,-0.09
Device_1,1964-12-06,-0.2651
Device_2,1964-12-06,-0.3
Device_1,1964-11-06,-0.2017
Device_2,1964-11-06,-0.21
Device_1,1964-10-06,-0.2665
Device_2,1964-10-06,-0.3
Device_1,1964-09-06,-0.2093
Device_2,1964-09-06,-0.28
Device_1,1964-08-06,-0.1669
Device_2,1964-08-06,-0.2
Device_1,1964-07-06,-0.1111
Device_2,1964-07-06,-0.07
Device_1,1964-06-06,-0.0931
Device_2,1964-06-06,-0.07
Device_1,1964-05-06,-0.0980
Device_2,1964-05-06,-0.25
Device_1,1964-04-06,-0.1847
Device_2,1964-04-06,-0.3
Device_1,1964-03-06,-0.1421
Device_2,1964-03-06,-0.22
Device_1,1964-02-06,-0.1048
Device_2,1964-02-06,-0.12
Device_1,1964-01-06,0.0488
Device_2,1964-01-06,-0.06
Device_1,1963-12-06,0.0812
Device_2,1963-12-06,0.0
Device_1,1963-11-06,0.1947
Device_2,1963-11-06,0.15
Device_1,1963-10-06,0.2148
Device_2,1963-10-06,0.15
Device_1,1963-09-06,0.1629
Device_2,1963-09-06,0.2
Device_1,1963-08-06,0.1579
Device_2,1963-08-06,0.25
Device_1,1963-07-06,0.1382
Device_2,1963-07-06,0.08
Device_1,1963-06-06,0.0499
Device_2,1963-06-06,0.03
Device_1,1963-05-06,0.0130
Device_2,1963-05-06,-0.09
Device_1,1963-04-06,-0.0041
Device_2,1963-04-06,-0.05
Device_1,1963-03-06,-0.0216
Device_2,1963-03-06,-0.13
Device_1,1963-02-06,0.2566
Device_2,1963-02-06,0.19
Device_1,1963-01-06,0.0376
Device_2,1963-01-06,-0.03
Device_1,1962-12-06,0.0881
Device_2,1962-12-06,-0.01
Device_1,1962-11-06,0.0745
Device_2,1962-11-06,0.06
Device_1,1962-10-06,0.0796
Device_2,1962-10-06,-0.03
Device_1,1962-09-06,0.0606
Device_2,1962-09-06,-0.01
Device_1,1962-08-06,0.0552
Device_2,1962-08-06,-0.02
Device_1,1962-07-06,0.0905
Device_2,1962-07-06,-0.02
Device_1,1962-06-06,0.0574
Device_2,1962-06-06,0.06
Device_1,1962-05-06,0.0589
Device_2,1962-05-06,-0.06
Device_1,1962-04-06,0.0763
Device_2,1962-04-06,0.05
Device_1,1962-03-06,0.1197
Device_2,1962-03-06,0.12
Device_1,1962-02-06,0.1698
Device_2,1962-02-06,0.14
Device_1,1962-01-06,0.1345
Device_2,1962-01-06,0.08
Device_1,1961-12-06,-0.0171
Device_2,1961-12-06,-0.15
Device_1,1961-11-06,0.0160
Device_2,1961-11-06,0.03
Device_1,1961-10-06,-0.0350
Device_2,1961-10-06,0.0
Device_1,1961-09-06,-0.0041
Device_2,1961-09-06,0.05
Device_1,1961-08-06,0.0320
Device_2,1961-08-06,0.02
Device_1,1961-07-06,0.0350
Device_2,1961-07-06,-0.03
Device_1,1961-06-06,0.1479
Device_2,1961-06-06,0.12
Device_1,1961-05-06,0.1614
Device_2,1961-05-06,0.13
Device_1,1961-04-06,0.1335
Device_2,1961-04-06,0.15
Device_1,1961-03-06,0.1646
Device_2,1961-03-06,0.09
Device_1,1961-02-06,0.1768
Device_2,1961-02-06,0.18
Device_1,1961-01-06,0.1188
Device_2,1961-01-06,0.07
Device_1,1960-12-06,0.2278
Device_2,1960-12-06,0.18
Device_1,1960-11-06,-0.0484
Device_2,1960-11-06,-0.11
Device_1,1960-10-06,0.0390
Device_2,1960-10-06,0.07
Device_1,1960-09-06,0.0638
Device_2,1960-09-06,0.05
Device_1,1960-08-06,0.0461
Device_2,1960-08-06,-0.01
Device_1,1960-07-06,0.0339
Device_2,1960-07-06,-0.02
Device_1,1960-06-06,0.0772
Device_2,1960-06-06,0.01
Device_1,1960-05-06,-0.0841
Device_2,1960-05-06,-0.08
Device_1,1960-04-06,-0.0954
Device_2,1960-04-06,-0.16
Device_1,1960-03-06,-0.2041
Device_2,1960-03-06,-0.36
Device_1,1960-02-06,0.1858
Device_2,1960-02-06,0.14
Device_1,1960-01-06,0.0032
Device_2,1960-01-06,-0.01
Device_1,1959-12-06,-0.0343
Device_2,1959-12-06,-0.03
Device_1,1959-11-06,-0.0790
Device_2,1959-11-06,-0.09
Device_1,1959-10-06,-0.0137
Device_2,1959-10-06,-0.09
Device_1,1959-09-06,0.0970
Device_2,1959-09-06,-0.06
Device_1,1959-08-06,0.0516
Device_2,1959-08-06,-0.01
Device_1,1959-07-06,0.0671
Device_2,1959-07-06,0.06
Device_1,1959-06-06,0.0849
Device_2,1959-06-06,0.02
Device_1,1959-05-06,0.0263
Device_2,1959-05-06,0.06
Device_1,1959-04-06,0.1180
Device_2,1959-04-06,0.16
Device_1,1959-03-06,0.2041
Device_2,1959-03-06,0.19
Device_1,1959-02-06,0.0682
Device_2,1959-02-06,0.09
Device_1,1959-01-06,0.1250
Device_2,1959-01-06,0.06
Device_1,1958-12-06,0.1452
Device_2,1958-12-06,0.01
Device_1,1958-11-06,0.0896
Device_2,1958-11-06,0.02
Device_1,1958-10-06,0.0405
Device_2,1958-10-06,0.04
Device_1,1958-09-06,0.0186
Device_2,1958-09-06,-0.03
Device_1,1958-08-06,0.0528
Device_2,1958-08-06,-0.06
Device_1,1958-07-06,0.0649
Device_2,1958-07-06,0.06
Device_1,1958-06-06,0.0624
Device_2,1958-06-06,-0.05
Device_1,1958-05-06,0.1007
Device_2,1958-05-06,0.08
Device_1,1958-04-06,0.1140
Device_2,1958-04-06,0.01
Device_1,1958-03-06,0.1181
Device_2,1958-03-06,0.1
Device_1,1958-02-06,0.2103
Device_2,1958-02-06,0.24
Device_1,1958-01-06,0.2964
Device_2,1958-01-06,0.39
Device_1,1957-12-06,0.2290
Device_2,1957-12-06,0.16
Device_1,1957-11-06,0.1282
Device_2,1957-11-06,0.07
Device_1,1957-10-06,0.0143
Device_2,1957-10-06,0.01
Device_1,1957-09-06,0.0748
Device_2,1957-09-06,0.06
Device_1,1957-08-06,0.1302
Device_2,1957-08-06,0.14
Device_1,1957-07-06,0.0596
Device_2,1957-07-06,0.01
Device_1,1957-06-06,0.1577
Device_2,1957-06-06,0.16
Device_1,1957-05-06,0.1092
Device_2,1957-05-06,0.08
Device_1,1957-04-06,-0.0193
Device_2,1957-04-06,-0.04
Device_1,1957-03-06,-0.0680
Device_2,1957-03-06,-0.05
Device_1,1957-02-06,-0.1118
Device_2,1957-02-06,-0.05
Device_1,1957-01-06,-0.1178
Device_2,1957-01-06,-0.14
Device_1,1956-12-06,-0.1530
Device_2,1956-12-06,-0.1
Device_1,1956-11-06,-0.1564
Device_2,1956-11-06,-0.17
Device_1,1956-10-06,-0.1989
Device_2,1956-10-06,-0.24
Device_1,1956-09-06,-0.2520
Device_2,1956-09-06,-0.22
Device_1,1956-08-06,-0.1866
Device_2,1956-08-06,-0.25
Device_1,1956-07-06,-0.1346
Device_2,1956-07-06,-0.12
Device_1,1956-06-06,-0.1437
Device_2,1956-06-06,-0.15
Device_1,1956-05-06,-0.2275
Device_2,1956-05-06,-0.28
Device_1,1956-04-06,-0.2846
Device_2,1956-04-06,-0.26
Device_1,1956-03-06,-0.2003
Device_2,1956-03-06,-0.23
Device_1,1956-02-06,-0.2732
Device_2,1956-02-06,-0.25
Device_1,1956-01-06,-0.1773
Device_2,1956-01-06,-0.17
Device_1,1955-12-06,-0.2706
Device_2,1955-12-06,-0.32
Device_1,1955-11-06,-0.2373
Device_2,1955-11-06,-0.28
Device_1,1955-10-06,-0.1232
Device_2,1955-10-06,-0.05
Device_1,1955-09-06,-0.0923
Device_2,1955-09-06,-0.13
Device_1,1955-08-06,-0.0262
Device_2,1955-08-06,0.04
Device_1,1955-07-06,-0.0881
Device_2,1955-07-06,-0.09
Device_1,1955-06-06,-0.0695
Device_2,1955-06-06,-0.08
Device_1,1955-05-06,-0.1274
Device_2,1955-05-06,-0.2
Device_1,1955-04-06,-0.2383
Device_2,1955-04-06,-0.23
Device_1,1955-03-06,-0.3091
Device_2,1955-03-06,-0.36
Device_1,1955-02-06,-0.1303
Device_2,1955-02-06,-0.21
Device_1,1955-01-06,0.0879
Device_2,1955-01-06,0.11
Device_1,1954-12-06,-0.1859
Device_2,1954-12-06,-0.18
Device_1,1954-11-06,0.0390
Device_2,1954-11-06,0.08
Device_1,1954-10-06,-0.0694
Device_2,1954-10-06,-0.01
Device_1,1954-09-06,-0.0595
Device_2,1954-09-06,-0.07
Device_1,1954-08-06,-0.0913
Device_2,1954-08-06,-0.13
Device_1,1954-07-06,-0.1229
Device_2,1954-07-06,-0.16
Device_1,1954-06-06,-0.1161
Device_2,1954-06-06,-0.16
Device_1,1954-05-06,-0.2020
Device_2,1954-05-06,-0.2
Device_1,1954-04-06,-0.1766
Device_2,1954-04-06,-0.18
Device_1,1954-03-06,-0.0910
Device_2,1954-03-06,-0.12
Device_1,1954-02-06,-0.0865
Device_2,1954-02-06,-0.1
Device_1,1954-01-06,-0.2352
Device_2,1954-01-06,-0.28
Device_1,1953-12-06,0.0555
Device_2,1953-12-06,0.03
Device_1,1953-11-06,-0.0621
Device_2,1953-11-06,-0.05
Device_1,1953-10-06,0.0723
Device_2,1953-10-06,0.05
Device_1,1953-09-06,0.0632
Device_2,1953-09-06,0.06
Device_1,1953-08-06,0.0812
Device_2,1953-08-06,0.08
Device_1,1953-07-06,0.0662
Device_2,1953-07-06,0.02
Device_1,1953-06-06,0.1240
Device_2,1953-06-06,0.08
Device_1,1953-05-06,0.1440
Device_2,1953-05-06,0.08
Device_1,1953-04-06,0.1873
Device_2,1953-04-06,0.2
Device_1,1953-03-06,0.1539
Device_2,1953-03-06,0.11
Device_1,1953-02-06,0.1534
Device_2,1953-02-06,0.16
Device_1,1953-01-06,0.1037
Device_2,1953-01-06,0.09
Device_1,1952-12-06,-0.0080
Device_2,1952-12-06,-0.02
Device_1,1952-11-06,-0.1975
Device_2,1952-11-06,-0.17
Device_1,1952-10-06,-0.0366
Device_2,1952-10-06,-0.04
Device_1,1952-09-06,0.0653
Device_2,1952-09-06,0.08
Device_1,1952-08-06,0.0647
Device_2,1952-08-06,0.07
Device_1,1952-07-06,0.0735
Device_2,1952-07-06,0.05
Device_1,1952-06-06,0.0396
Device_2,1952-06-06,-0.04
Device_1,1952-05-06,0.0340
Device_2,1952-05-06,-0.05
Device_1,1952-04-06,0.0666
Device_2,1952-04-06,0.02
Device_1,1952-03-06,-0.0480
Device_2,1952-03-06,-0.1
Device_1,1952-02-06,0.0921
Device_2,1952-02-06,0.12
Device_1,1952-01-06,0.1520
Device_2,1952-01-06,0.16
Device_1,1951-12-06,0.2148
Device_2,1951-12-06,0.15
Device_1,1951-11-06,0.0260
Device_2,1951-11-06,0.0
Device_1,1951-10-06,0.1081
Device_2,1951-10-06,0.06
Device_1,1951-09-06,0.1322
Device_2,1951-09-06,0.07
Device_1,1951-08-06,0.1130
Device_2,1951-08-06,0.05
Device_1,1951-07-06,0.1101
Device_2,1951-07-06,0.0
Device_1,1951-06-06,0.0381
Device_2,1951-06-06,-0.05
Device_1,1951-05-06,0.0569
Device_2,1951-05-06,-0.02
Device_1,1951-04-06,-0.0877
Device_2,1951-04-06,-0.1
Device_1,1951-03-06,-0.1689
Device_2,1951-03-06,-0.19
Device_1,1951-02-06,-0.4101
Device_2,1951-02-06,-0.44
Device_1,1951-01-06,-0.2903
Device_2,1951-01-06,-0.35
Device_1,1950-12-06,-0.1810
Device_2,1950-12-06,-0.2
Device_1,1950-11-06,-0.3605
Device_2,1950-11-06,-0.35
Device_1,1950-10-06,-0.1661
Device_2,1950-10-06,-0.2
Device_1,1950-09-06,-0.1049
Device_2,1950-09-06,-0.1
Device_1,1950-08-06,-0.1382
Device_2,1950-08-06,-0.18
Device_1,1950-07-06,-0.1053
Device_2,1950-07-06,-0.09
Device_1,1950-06-06,-0.0559
Device_2,1950-06-06,-0.06
Device_1,1950-05-06,-0.0536
Device_2,1950-05-06,-0.12
Device_1,1950-04-06,-0.1706
Device_2,1950-04-06,-0.21
Device_1,1950-03-06,-0.0868
Device_2,1950-03-06,-0.06
Device_1,1950-02-06,-0.2389
Device_2,1950-02-06,-0.26
Device_1,1950-01-06,-0.2777
Device_2,1950-01-06,-0.3
Device_1,1949-12-06,-0.1821
Device_2,1949-12-06,-0.19
Device_1,1949-11-06,-0.0534
Device_2,1949-11-06,-0.08
Device_1,1949-10-06,-0.0297
Device_2,1949-10-06,-0.03
Device_1,1949-09-06,-0.0701
Device_2,1949-09-06,-0.08
Device_1,1949-08-06,-0.0217
Device_2,1949-08-06,-0.08
Device_1,1949-07-06,-0.0770
Device_2,1949-07-06,-0.13
Device_1,1949-06-06,-0.1486
Device_2,1949-06-06,-0.22
Device_1,1949-05-06,-0.0063
Device_2,1949-05-06,-0.09
Device_1,1949-04-06,0.0076
Device_2,1949-04-06,-0.07
Device_1,1949-03-06,-0.0732
Device_2,1949-03-06,-0.01
Device_1,1949-02-06,-0.1476
Device_2,1949-02-06,-0.16
Device_1,1949-01-06,0.1209
Device_2,1949-01-06,0.09
Device_1,1948-12-06,-0.1121
Device_2,1948-12-06,-0.23
Device_1,1948-11-06,-0.0560
Device_2,1948-11-06,-0.08
Device_1,1948-10-06,-0.0650
Device_2,1948-10-06,-0.07
Device_1,1948-09-06,-0.1032
Device_2,1948-09-06,-0.1
Device_1,1948-08-06,-0.0282
Device_2,1948-08-06,-0.1
Device_1,1948-07-06,-0.0622
Device_2,1948-07-06,-0.13
Device_1,1948-06-06,-0.0150
Device_2,1948-06-06,-0.05
Device_1,1948-05-06,0.1427
Device_2,1948-05-06,0.08
Device_1,1948-04-06,-0.0646
Device_2,1948-04-06,-0.09
Device_1,1948-03-06,-0.1841
Device_2,1948-03-06,-0.23
Device_1,1948-02-06,-0.0906
Device_2,1948-02-06,-0.13
Device_1,1948-01-06,0.0535
Device_2,1948-01-06,0.05
Device_1,1947-12-06,-0.1463
Device_2,1947-12-06,-0.18
Device_1,1947-11-06,-0.0238
Device_2,1947-11-06,-0.01
Device_1,1947-10-06,0.0549
Device_2,1947-10-06,0.06
Device_1,1947-09-06,-0.1306
Device_2,1947-09-06,-0.14
Device_1,1947-08-06,-0.0623
Device_2,1947-08-06,-0.08
Device_1,1947-07-06,-0.0138
Device_2,1947-07-06,-0.06
Device_1,1947-06-06,0.0208
Device_2,1947-06-06,0.0
Device_1,1947-05-06,-0.0190
Device_2,1947-05-06,-0.06
Device_1,1947-04-06,0.0143
Device_2,1947-04-06,0.04
Device_1,1947-03-06,-0.0079
Device_2,1947-03-06,0.05
Device_1,1947-02-06,-0.0774
Device_2,1947-02-06,-0.08
Device_1,1947-01-06,-0.1816
Device_2,1947-01-06,-0.13
Device_1,1946-12-06,-0.2636
Device_2,1946-12-06,-0.29
Device_1,1946-11-06,-0.0119
Device_2,1946-11-06,-0.02
Device_1,1946-10-06,-0.0057
Device_2,1946-10-06,-0.06
Device_1,1946-09-06,-0.0164
Device_2,1946-09-06,-0.02
Device_1,1946-08-06,-0.0697
Device_2,1946-08-06,-0.08
Device_1,1946-07-06,-0.0367
Device_2,1946-07-06,-0.09
Device_1,1946-06-06,-0.1016
Device_2,1946-06-06,-0.17
Device_1,1946-05-06,-0.0298
Device_2,1946-05-06,-0.04
Device_1,1946-04-06,0.1768
Device_2,1946-04-06,0.11
Device_1,1946-03-06,0.0005
Device_2,1946-03-06,0.0
Device_1,1946-02-06,0.0888
Device_2,1946-02-06,0.06
Device_1,1946-01-06,0.2209
Device_2,1946-01-06,0.15
Device_1,1945-12-06,-0.0475
Device_2,1945-12-06,-0.1
Device_1,1945-11-06,0.1955
Device_2,1945-11-06,0.1
Device_1,1945-10-06,0.2569
Device_2,1945-10-06,0.22
Device_1,1945-09-06,0.2578
Device_2,1945-09-06,0.22
Device_1,1945-08-06,0.3546
Device_2,1945-08-06,0.25
Device_1,1945-07-06,0.1652
Device_2,1945-07-06,0.07
Device_1,1945-06-06,0.1413
Device_2,1945-06-06,0.02
Device_1,1945-05-06,0.1761
Device_2,1945-05-06,0.1
Device_1,1945-04-06,0.2764
Device_2,1945-04-06,0.24
Device_1,1945-03-06,0.1072
Device_2,1945-03-06,0.11
Device_1,1945-02-06,0.0149
Device_2,1945-02-06,0.02
Device_1,1945-01-06,0.1535
Device_2,1945-01-06,0.13
Device_1,1944-12-06,0.0951
Device_2,1944-12-06,0.05
Device_1,1944-11-06,0.1518
Device_2,1944-11-06,0.12
Device_1,1944-10-06,0.3230
Device_2,1944-10-06,0.27
Device_1,1944-09-06,0.3855
Device_2,1944-09-06,0.31
Device_1,1944-08-06,0.2804
Device_2,1944-08-06,0.23
Device_1,1944-07-06,0.3145
Device_2,1944-07-06,0.23
Device_1,1944-06-06,0.3348
Device_2,1944-06-06,0.22
Device_1,1944-05-06,0.2618
Device_2,1944-05-06,0.26
Device_1,1944-04-06,0.2718
Device_2,1944-04-06,0.27
Device_1,1944-03-06,0.3676
Device_2,1944-03-06,0.34
Device_1,1944-02-06,0.3032
Device_2,1944-02-06,0.31
Device_1,1944-01-06,0.4241
Device_2,1944-01-06,0.41
Device_1,1943-12-06,0.3539
Device_2,1943-12-06,0.28
Device_1,1943-11-06,0.2459
Device_2,1943-11-06,0.25
Device_1,1943-10-06,0.3095
Device_2,1943-10-06,0.3
Device_1,1943-09-06,0.1425
Device_2,1943-09-06,0.11
Device_1,1943-08-06,0.0992
Device_2,1943-08-06,0.03
Device_1,1943-07-06,0.1830
Device_2,1943-07-06,0.14
Device_1,1943-06-06,0.0245
Device_2,1943-06-06,-0.01
Device_1,1943-05-06,0.1326
Device_2,1943-05-06,0.1
Device_1,1943-04-06,0.1726
Device_2,1943-04-06,0.13
Device_1,1943-03-06,0.0762
Device_2,1943-03-06,0.01
Device_1,1943-02-06,0.1683
Device_2,1943-02-06,0.22
Device_1,1943-01-06,-0.0241
Device_2,1943-01-06,-0.01
Device_1,1942-12-06,0.1515
Device_2,1942-12-06,0.12
Device_1,1942-11-06,0.1670
Device_2,1942-11-06,0.13
Device_1,1942-10-06,0.1495
Device_2,1942-10-06,0.06
Device_1,1942-09-06,0.1179
Device_2,1942-09-06,0.0
Device_1,1942-08-06,0.0440
Device_2,1942-08-06,-0.03
Device_1,1942-07-06,0.0768
Device_2,1942-07-06,0.02
Device_1,1942-06-06,0.2098
Device_2,1942-06-06,0.11
Device_1,1942-05-06,0.1665
Device_2,1942-05-06,0.14
Device_1,1942-04-06,0.1900
Device_2,1942-04-06,0.14
Device_1,1942-03-06,0.1771
Device_2,1942-03-06,0.13
Device_1,1942-02-06,0.0971
Device_2,1942-02-06,0.05
Device_1,1942-01-06,0.2983
Device_2,1942-01-06,0.26
Device_1,1941-12-06,0.2108
Device_2,1941-12-06,0.14
Device_1,1941-11-06,0.2212
Device_2,1941-11-06,0.12
Device_1,1941-10-06,0.3130
Device_2,1941-10-06,0.24
Device_1,1941-09-06,0.0881
Device_2,1941-09-06,0.02
Device_1,1941-08-06,0.1736
Device_2,1941-08-06,0.14
Device_1,1941-07-06,0.2069
Device_2,1941-07-06,0.15
Device_1,1941-06-06,0.1614
Device_2,1941-06-06,0.04
Device_1,1941-05-06,0.2446
Device_2,1941-05-06,0.1
Device_1,1941-04-06,0.2229
Device_2,1941-04-06,0.11
Device_1,1941-03-06,0.1023
Device_2,1941-03-06,0.06
Device_1,1941-02-06,0.2270
Device_2,1941-02-06,0.23
Device_1,1941-01-06,0.1802
Device_2,1941-01-06,0.13
Device_1,1940-12-06,0.2683
Device_2,1940-12-06,0.19
Device_1,1940-11-06,0.1004
Device_2,1940-11-06,0.13
Device_1,1940-10-06,0.0993
Device_2,1940-10-06,0.07
Device_1,1940-09-06,0.1483
Device_2,1940-09-06,0.12
Device_1,1940-08-06,0.0902
Device_2,1940-08-06,0.01
Device_1,1940-07-06,0.1459
Device_2,1940-07-06,0.1
Device_1,1940-06-06,0.1039
Device_2,1940-06-06,0.05
Device_1,1940-05-06,0.0556
Device_2,1940-05-06,0.05
Device_1,1940-04-06,0.1286
Device_2,1940-04-06,0.16
Device_1,1940-03-06,0.0671
Device_2,1940-03-06,0.12
Device_1,1940-02-06,0.0514
Device_2,1940-02-06,0.06
Device_1,1940-01-06,-0.1226
Device_2,1940-01-06,-0.15
Device_1,1939-12-06,0.4057
Device_2,1939-12-06,0.4
Device_1,1939-11-06,0.0440
Device_2,1939-11-06,0.06
Device_1,1939-10-06,-0.0427
Device_2,1939-10-06,-0.03
Device_1,1939-09-06,0.0111
Device_2,1939-09-06,0.0
Device_1,1939-08-06,0.0555
Device_2,1939-08-06,-0.05
Device_1,1939-07-06,0.0061
Device_2,1939-07-06,-0.06
Device_1,1939-06-06,-0.0077
Device_2,1939-06-06,-0.08
Device_1,1939-05-06,-0.0366
Device_2,1939-05-06,-0.07
Device_1,1939-04-06,-0.1319
Device_2,1939-04-06,-0.12
Device_1,1939-03-06,-0.1897
Device_2,1939-03-06,-0.2
Device_1,1939-02-06,-0.1137
Device_2,1939-02-06,-0.12
Device_1,1939-01-06,-0.1665
Device_2,1939-01-06,-0.13
Device_1,1938-12-06,-0.2541
Device_2,1938-12-06,-0.26
Device_1,1938-11-06,0.0039
Device_2,1938-11-06,0.01
Device_1,1938-10-06,0.0724
Device_2,1938-10-06,0.11
Device_1,1938-09-06,0.0293
Device_2,1938-09-06,0.03
Device_1,1938-08-06,-0.0149
Device_2,1938-08-06,-0.04
Device_1,1938-07-06,-0.0505
Device_2,1938-07-06,-0.09
Device_1,1938-06-06,-0.0939
Device_2,1938-06-06,-0.17
Device_1,1938-05-06,-0.0190
Device_2,1938-05-06,-0.07
Device_1,1938-04-06,0.0428
Device_2,1938-04-06,0.05
Device_1,1938-03-06,0.0308
Device_2,1938-03-06,0.05
Device_1,1938-02-06,-0.0540
Device_2,1938-02-06,-0.04
Device_1,1938-01-06,-0.0378
Device_2,1938-01-06,0.0
Device_1,1937-12-06,-0.0919
Device_2,1937-12-06,-0.12
Device_1,1937-11-06,0.0099
Device_2,1937-11-06,0.09
Device_1,1937-10-06,0.1137
Device_2,1937-10-06,0.1
Device_1,1937-09-06,0.1316
Device_2,1937-09-06,0.14
Device_1,1937-08-06,0.0930
Device_2,1937-08-06,0.03
Device_1,1937-07-06,-0.0004
Device_2,1937-07-06,-0.05
Device_1,1937-06-06,0.0126
Device_2,1937-06-06,-0.08
Device_1,1937-05-06,-0.0187
Device_2,1937-05-06,-0.07
Device_1,1937-04-06,-0.1262
Device_2,1937-04-06,-0.17
Device_1,1937-03-06,-0.1823
Device_2,1937-03-06,-0.17
Device_1,1937-02-06,0.0385
Device_2,1937-02-06,0.05
Device_1,1937-01-06,-0.1684
Device_2,1937-01-06,-0.11
Device_1,1936-12-06,-0.0193
Device_2,1936-12-06,-0.04
Device_1,1936-11-06,-0.0275
Device_2,1936-11-06,-0.05
Device_1,1936-10-06,-0.0224
Device_2,1936-10-06,-0.04
Device_1,1936-09-06,-0.0389
Device_2,1936-09-06,-0.06
Device_1,1936-08-06,-0.0557
Device_2,1936-08-06,-0.12
Device_1,1936-07-06,-0.0139
Device_2,1936-07-06,-0.06
Device_1,1936-06-06,-0.1075
Device_2,1936-06-06,-0.19
Device_1,1936-05-06,-0.1178
Device_2,1936-05-06,-0.17
Device_1,1936-04-06,-0.1789
Device_2,1936-04-06,-0.2
Device_1,1936-03-06,-0.2107
Device_2,1936-03-06,-0.23
Device_1,1936-02-06,-0.3137
Device_2,1936-02-06,-0.39
Device_1,1936-01-06,-0.2547
Device_2,1936-01-06,-0.29
Device_1,1935-12-06,-0.1769
Device_2,1935-12-06,-0.22
Device_1,1935-11-06,-0.2707
Device_2,1935-11-06,-0.29
Device_1,1935-10-06,-0.0130
Device_2,1935-10-06,-0.08
Device_1,1935-09-06,-0.0916
Device_2,1935-09-06,-0.17
Device_1,1935-08-06,-0.1003
Device_2,1935-08-06,-0.17
Device_1,1935-07-06,-0.1155
Device_2,1935-07-06,-0.19
Device_1,1935-06-06,-0.1706
Device_2,1935-06-06,-0.23
Device_1,1935-05-06,-0.2038
Device_2,1935-05-06,-0.26
Device_1,1935-04-06,-0.2567
Device_2,1935-04-06,-0.35
Device_1,1935-03-06,-0.1475
Device_2,1935-03-06,-0.13
Device_1,1935-02-06,0.1659
Device_2,1935-02-06,0.11
Device_1,1935-01-06,-0.2894
Device_2,1935-01-06,-0.37
Device_1,1934-12-06,-0.0256
Device_2,1934-12-06,-0.09
Device_1,1934-11-06,0.0128
Device_2,1934-11-06,-0.01
Device_1,1934-10-06,-0.0693
Device_2,1934-10-06,-0.11
Device_1,1934-09-06,-0.1226
Device_2,1934-09-06,-0.16
Device_1,1934-08-06,-0.0548
Device_2,1934-08-06,-0.1
Device_1,1934-07-06,-0.0894
Device_2,1934-07-06,-0.11
Device_1,1934-06-06,-0.0025
Device_2,1934-06-06,-0.14
Device_1,1934-05-06,-0.0444
Device_2,1934-05-06,-0.11
Device_1,1934-04-06,-0.2318
Device_2,1934-04-06,-0.27
Device_1,1934-03-06,-0.2574
Device_2,1934-03-06,-0.31
Device_1,1934-02-06,-0.0231
Device_2,1934-02-06,-0.04
Device_1,1934-01-06,-0.3102
Device_2,1934-01-06,-0.27
Device_1,1933-12-06,-0.4069
Device_2,1933-12-06,-0.47
Device_1,1933-11-06,-0.2548
Device_2,1933-11-06,-0.31
Device_1,1933-10-06,-0.1879
Device_2,1933-10-06,-0.24
Device_1,1933-09-06,-0.2214
Device_2,1933-09-06,-0.26
Device_1,1933-08-06,-0.1889
Device_2,1933-08-06,-0.23
Device_1,1933-07-06,-0.1810
Device_2,1933-07-06,-0.2
Device_1,1933-06-06,-0.2007
Device_2,1933-06-06,-0.32
Device_1,1933-05-06,-0.2091
Device_2,1933-05-06,-0.25
Device_1,1933-04-06,-0.2044
Device_2,1933-04-06,-0.23
Device_1,1933-03-06,-0.2476
Device_2,1933-03-06,-0.29
Device_1,1933-02-06,-0.3167
Device_2,1933-02-06,-0.32
Device_1,1933-01-06,-0.3073
Device_2,1933-01-06,-0.34
Device_1,1932-12-06,-0.1861
Device_2,1932-12-06,-0.22
Device_1,1932-11-06,-0.1945
Device_2,1932-11-06,-0.26
Device_1,1932-10-06,-0.0926
Device_2,1932-10-06,-0.1
Device_1,1932-09-06,-0.0695
Device_2,1932-09-06,-0.11
Device_1,1932-08-06,-0.1757
Device_2,1932-08-06,-0.24
Device_1,1932-07-06,-0.1208
Device_2,1932-07-06,-0.24
Device_1,1932-06-06,-0.1578
Device_2,1932-06-06,-0.3
Device_1,1932-05-06,-0.1674
Device_2,1932-05-06,-0.22
Device_1,1932-04-06,-0.0324
Device_2,1932-04-06,-0.07
Device_1,1932-03-06,-0.1799
Device_2,1932-03-06,-0.2
Device_1,1932-02-06,-0.1794
Device_2,1932-02-06,-0.18
Device_1,1932-01-06,0.1547
Device_2,1932-01-06,0.13
Device_1,1931-12-06,-0.1052
Device_2,1931-12-06,-0.1
Device_1,1931-11-06,-0.1139
Device_2,1931-11-06,-0.12
Device_1,1931-10-06,0.0092
Device_2,1931-10-06,0.0
Device_1,1931-09-06,0.0035
Device_2,1931-09-06,-0.06
Device_1,1931-08-06,0.0047
Device_2,1931-08-06,0.0
Device_1,1931-07-06,-0.0155
Device_2,1931-07-06,0.01
Device_1,1931-06-06,-0.0185
Device_2,1931-06-06,-0.06
Device_1,1931-05-06,-0.1499
Device_2,1931-05-06,-0.22
Device_1,1931-04-06,-0.1625
Device_2,1931-04-06,-0.21
Device_1,1931-03-06,-0.0061
Device_2,1931-03-06,-0.06
Device_1,1931-02-06,-0.2225
Device_2,1931-02-06,-0.22
Device_1,1931-01-06,-0.0470
Device_2,1931-01-06,-0.1
Device_1,1930-12-06,0.0064
Device_2,1930-12-06,-0.09
Device_1,1930-11-06,0.1368
Device_2,1930-11-06,0.14
Device_1,1930-10-06,-0.0011
Device_2,1930-10-06,-0.08
Device_1,1930-09-06,-0.1043
Device_2,1930-09-06,-0.11
Device_1,1930-08-06,-0.0900
Device_2,1930-08-06,-0.11
Device_1,1930-07-06,-0.0692
Device_2,1930-07-06,-0.17
Device_1,1930-06-06,-0.1135
Device_2,1930-06-06,-0.19
Device_1,1930-05-06,-0.1976
Device_2,1930-05-06,-0.25
Device_1,1930-04-06,-0.1950
Device_2,1930-04-06,-0.26
Device_1,1930-03-06,-0.0549
Device_2,1930-03-06,-0.08
Device_1,1930-02-06,-0.2000
Device_2,1930-02-06,-0.24
Device_1,1930-01-06,-0.3206
Device_2,1930-01-06,-0.29
Device_1,1929-12-06,-0.5167
Device_2,1929-12-06,-0.55
Device_1,1929-11-06,-0.0971
Device_2,1929-11-06,-0.14
Device_1,1929-10-06,-0.1185
Device_2,1929-10-06,-0.15
Device_1,1929-09-06,-0.2089
Device_2,1929-09-06,-0.23
Device_1,1929-08-06,-0.2078
Device_2,1929-08-06,-0.29
Device_1,1929-07-06,-0.2735
Device_2,1929-07-06,-0.33
Device_1,1929-06-06,-0.2746
Device_2,1929-06-06,-0.43
Device_1,1929-05-06,-0.2886
Device_2,1929-05-06,-0.39
Device_1,1929-04-06,-0.2976
Device_2,1929-04-06,-0.4
Device_1,1929-03-06,-0.2654
Device_2,1929-03-06,-0.34
Device_1,1929-02-06,-0.5495
Device_2,1929-02-06,-0.61
Device_1,1929-01-06,-0.4840
Device_2,1929-01-06,-0.47
Device_1,1928-12-06,-0.1713
Device_2,1928-12-06,-0.2
Device_1,1928-11-06,-0.0679
Device_2,1928-11-06,-0.09
Device_1,1928-10-06,-0.1256
Device_2,1928-10-06,-0.19
Device_1,1928-09-06,-0.1904
Device_2,1928-09-06,-0.2
Device_1,1928-08-06,-0.1997
Device_2,1928-08-06,-0.25
Device_1,1928-07-06,-0.1773
Device_2,1928-07-06,-0.21
Device_1,1928-06-06,-0.2777
Device_2,1928-06-06,-0.41
Device_1,1928-05-06,-0.1866
Device_2,1928-05-06,-0.3
Device_1,1928-04-06,-0.2444
Device_2,1928-04-06,-0.29
Device_1,1928-03-06,-0.2630
Device_2,1928-03-06,-0.28
Device_1,1928-02-06,-0.1450
Device_2,1928-02-06,-0.12
Device_1,1928-01-06,-0.0800
Device_2,1928-01-06,-0.04
Device_1,1927-12-06,-0.3132
Device_2,1927-12-06,-0.36
Device_1,1927-11-06,-0.0397
Device_2,1927-11-06,-0.04
Device_1,1927-10-06,0.0140
Device_2,1927-10-06,-0.01
Device_1,1927-09-06,-0.0275
Device_2,1927-09-06,-0.06
Device_1,1927-08-06,-0.1145
Device_2,1927-08-06,-0.19
Device_1,1927-07-06,-0.1035
Device_2,1927-07-06,-0.15
Device_1,1927-06-06,-0.2014
Device_2,1927-06-06,-0.27
Device_1,1927-05-06,-0.2286
Device_2,1927-05-06,-0.25
Device_1,1927-04-06,-0.2207
Device_2,1927-04-06,-0.31
Device_1,1927-03-06,-0.2563
Device_2,1927-03-06,-0.39
Device_1,1927-02-06,-0.1917
Device_2,1927-02-06,-0.21
Device_1,1927-01-06,-0.1723
Device_2,1927-01-06,-0.28
Device_1,1926-12-06,-0.2158
Device_2,1926-12-06,-0.3
Device_1,1926-11-06,-0.0784
Device_2,1926-11-06,-0.06
Device_1,1926-10-06,-0.0840
Device_2,1926-10-06,-0.11
Device_1,1926-09-06,-0.1031
Device_2,1926-09-06,-0.11
Device_1,1926-08-06,-0.0882
Device_2,1926-08-06,-0.11
Device_1,1926-07-06,-0.1582
Device_2,1926-07-06,-0.21
Device_1,1926-06-06,-0.1224
Device_2,1926-06-06,-0.25
Device_1,1926-05-06,-0.1345
Device_2,1926-05-06,-0.25
Device_1,1926-04-06,-0.1389
Device_2,1926-04-06,-0.15
Device_1,1926-03-06,0.0756
Device_2,1926-03-06,0.12
Device_1,1926-02-06,0.0811
Device_2,1926-02-06,0.07
Device_1,1926-01-06,0.1660
Device_2,1926-01-06,0.2
Device_1,1925-12-06,0.1358
Device_2,1925-12-06,0.11
Device_1,1925-11-06,0.0584
Device_2,1925-11-06,0.03
Device_1,1925-10-06,-0.1326
Device_2,1925-10-06,-0.17
Device_1,1925-09-06,-0.1040
Device_2,1925-09-06,-0.13
Device_1,1925-08-06,-0.1374
Device_2,1925-08-06,-0.19
Device_1,1925-07-06,-0.2093
Device_2,1925-07-06,-0.3
Device_1,1925-06-06,-0.2291
Device_2,1925-06-06,-0.34
Device_1,1925-05-06,-0.2233
Device_2,1925-05-06,-0.3
Device_1,1925-04-06,-0.1633
Device_2,1925-04-06,-0.25
Device_1,1925-03-06,-0.1692
Device_2,1925-03-06,-0.24
Device_1,1925-02-06,-0.2783
Device_2,1925-02-06,-0.35
Device_1,1925-01-06,-0.3246
Device_2,1925-01-06,-0.34
Device_1,1924-12-06,-0.3912
Device_2,1924-12-06,-0.43
Device_1,1924-11-06,-0.2942
Device_2,1924-11-06,-0.23
Device_1,1924-10-06,-0.2879
Device_2,1924-10-06,-0.36
Device_1,1924-09-06,-0.2836
Device_2,1924-09-06,-0.3
Device_1,1924-08-06,-0.2895
Device_2,1924-08-06,-0.35
Device_1,1924-07-06,-0.2216
Device_2,1924-07-06,-0.27
Device_1,1924-06-06,-0.2259
Device_2,1924-06-06,-0.28
Device_1,1924-05-06,-0.1903
Device_2,1924-05-06,-0.19
Device_1,1924-04-06,-0.2466
Device_2,1924-04-06,-0.35
Device_1,1924-03-06,-0.1130
Device_2,1924-03-06,-0.12
Device_1,1924-02-06,-0.1859
Device_2,1924-02-06,-0.27
Device_1,1924-01-06,-0.2536
Device_2,1924-01-06,-0.24
Device_1,1923-12-06,0.0001
Device_2,1923-12-06,-0.06
Device_1,1923-11-06,0.0285
Device_2,1923-11-06,0.03
Device_1,1923-10-06,-0.1619
Device_2,1923-10-06,-0.13
Device_1,1923-09-06,-0.2454
Device_2,1923-09-06,-0.28
Device_1,1923-08-06,-0.2824
Device_2,1923-08-06,-0.3
Device_1,1923-07-06,-0.2820
Device_2,1923-07-06,-0.29
Device_1,1923-06-06,-0.1948
Device_2,1923-06-06,-0.24
Device_1,1923-05-06,-0.2488
Device_2,1923-05-06,-0.33
Device_1,1923-04-06,-0.3381
Device_2,1923-04-06,-0.38
Device_1,1923-03-06,-0.2697
Device_2,1923-03-06,-0.32
Device_1,1923-02-06,-0.3785
Device_2,1923-02-06,-0.37
Device_1,1923-01-06,-0.2143
Device_2,1923-01-06,-0.27
Device_1,1922-12-06,-0.1563
Device_2,1922-12-06,-0.17
Device_1,1922-11-06,-0.1929
Device_2,1922-11-06,-0.17
Device_1,1922-10-06,-0.2506
Device_2,1922-10-06,-0.33
Device_1,1922-09-06,-0.2525
Device_2,1922-09-06,-0.29
Device_1,1922-08-06,-0.2793
Device_2,1922-08-06,-0.31
Device_1,1922-07-06,-0.2615
Device_2,1922-07-06,-0.27
Device_1,1922-06-06,-0.2820
Device_2,1922-06-06,-0.32
Device_1,1922-05-06,-0.2647
Device_2,1922-05-06,-0.34
Device_1,1922-04-06,-0.1301
Device_2,1922-04-06,-0.22
Device_1,1922-03-06,-0.0787
Device_2,1922-03-06,-0.13
Device_1,1922-02-06,-0.2945
Device_2,1922-02-06,-0.44
Device_1,1922-01-06,-0.3221
Device_2,1922-01-06,-0.34
Device_1,1921-12-06,-0.0822
Device_2,1921-12-06,-0.18
Device_1,1921-11-06,-0.1859
Device_2,1921-11-06,-0.16
Device_1,1921-10-06,-0.0662
Device_2,1921-10-06,-0.06
Device_1,1921-09-06,-0.1481
Device_2,1921-09-06,-0.16
Device_1,1921-08-06,-0.1964
Device_2,1921-08-06,-0.24
Device_1,1921-07-06,-0.1123
Device_2,1921-07-06,-0.16
Device_1,1921-06-06,-0.1665
Device_2,1921-06-06,-0.31
Device_1,1921-05-06,-0.1917
Device_2,1921-05-06,-0.36
Device_1,1921-04-06,-0.2059
Device_2,1921-04-06,-0.36
Device_1,1921-03-06,-0.2176
Device_2,1921-03-06,-0.28
Device_1,1921-02-06,-0.1494
Device_2,1921-02-06,-0.21
Device_1,1921-01-06,-0.0598
Device_2,1921-01-06,-0.04
Device_1,1920-12-06,-0.3886
Device_2,1920-12-06,-0.47
Device_1,1920-11-06,-0.2510
Device_2,1920-11-06,-0.33
Device_1,1920-10-06,-0.2096
Device_2,1920-10-06,-0.29
Device_1,1920-09-06,-0.1755
Device_2,1920-09-06,-0.2
Device_1,1920-08-06,-0.2306
Device_2,1920-08-06,-0.29
Device_1,1920-07-06,-0.2436
Device_2,1920-07-06,-0.32
Device_1,1920-06-06,-0.2559
Device_2,1920-06-06,-0.33
Device_1,1920-05-06,-0.1682
Device_2,1920-05-06,-0.26
Device_1,1920-04-06,-0.2098
Device_2,1920-04-06,-0.26
Device_1,1920-03-06,-0.0583
Device_2,1920-03-06,-0.08
Device_1,1920-02-06,-0.2197
Device_2,1920-02-06,-0.22
Device_1,1920-01-06,-0.1157
Device_2,1920-01-06,-0.15
Device_1,1919-12-06,-0.2980
Device_2,1919-12-06,-0.35
Device_1,1919-11-06,-0.3178
Device_2,1919-11-06,-0.29
Device_1,1919-10-06,-0.2200
Device_2,1919-10-06,-0.16
Device_1,1919-09-06,-0.1833
Device_2,1919-09-06,-0.17
Device_1,1919-08-06,-0.2077
Device_2,1919-08-06,-0.19
Device_1,1919-07-06,-0.2155
Device_2,1919-07-06,-0.21
Device_1,1919-06-06,-0.2348
Device_2,1919-06-06,-0.28
Device_1,1919-05-06,-0.1837
Device_2,1919-05-06,-0.2
Device_1,1919-04-06,-0.0704
Device_2,1919-04-06,-0.17
Device_1,1919-03-06,-0.2393
Device_2,1919-03-06,-0.25
Device_1,1919-02-06,-0.0530
Device_2,1919-02-06,-0.19
Device_1,1919-01-06,-0.2424
Device_2,1919-01-06,-0.21
Device_1,1918-12-06,-0.3195
Device_2,1918-12-06,-0.3
Device_1,1918-11-06,-0.1154
Device_2,1918-11-06,-0.16
Device_1,1918-10-06,-0.0998
Device_2,1918-10-06,-0.03
Device_1,1918-09-06,-0.1481
Device_2,1918-09-06,-0.14
Device_1,1918-08-06,-0.1777
Device_2,1918-08-06,-0.26
Device_1,1918-07-06,-0.2024
Device_2,1918-07-06,-0.22
Device_1,1918-06-06,-0.1829
Device_2,1918-06-06,-0.28
Device_1,1918-05-06,-0.2760
Device_2,1918-05-06,-0.37
Device_1,1918-04-06,-0.2966
Device_2,1918-04-06,-0.4
Device_1,1918-03-06,-0.1783
Device_2,1918-03-06,-0.21
Device_1,1918-02-06,-0.2892
Device_2,1918-02-06,-0.33
Device_1,1918-01-06,-0.2146
Device_2,1918-01-06,-0.44
Device_1,1917-12-06,-0.5329
Device_2,1917-12-06,-0.71
Device_1,1917-11-06,-0.1348
Device_2,1917-11-06,-0.29
Device_1,1917-10-06,-0.2602
Device_2,1917-10-06,-0.35
Device_1,1917-09-06,-0.0635
Device_2,1917-09-06,-0.18
Device_1,1917-08-06,-0.1726
Device_2,1917-08-06,-0.26
Device_1,1917-07-06,-0.1721
Device_2,1917-07-06,-0.23
Device_1,1917-06-06,-0.3432
Device_2,1917-06-06,-0.4
Device_1,1917-05-06,-0.4500
Device_2,1917-05-06,-0.48
Device_1,1917-04-06,-0.3146
Device_2,1917-04-06,-0.38
Device_1,1917-03-06,-0.4287
Device_2,1917-03-06,-0.47
Device_1,1917-02-06,-0.4721
Device_2,1917-02-06,-0.53
Device_1,1917-01-06,-0.4299
Device_2,1917-01-06,-0.46
Device_1,1916-12-06,-0.5742
Device_2,1916-12-06,-0.78
Device_1,1916-11-06,-0.3957
Device_2,1916-11-06,-0.42
Device_1,1916-10-06,-0.2651
Device_2,1916-10-06,-0.28
Device_1,1916-09-06,-0.2616
Device_2,1916-09-06,-0.29
Device_1,1916-08-06,-0.2743
Device_2,1916-08-06,-0.27
Device_1,1916-07-06,-0.2889
Device_2,1916-07-06,-0.34
Device_1,1916-06-06,-0.3834
Device_2,1916-06-06,-0.44
Device_1,1916-05-06,-0.2245
Device_2,1916-05-06,-0.27
Device_1,1916-04-06,-0.1978
Device_2,1916-04-06,-0.25
Device_1,1916-03-06,-0.2944
Device_2,1916-03-06,-0.31
Device_1,1916-02-06,-0.1759
Device_2,1916-02-06,-0.23
Device_1,1916-01-06,-0.1797
Device_2,1916-01-06,-0.2
Device_1,1915-12-06,-0.0503
Device_2,1915-12-06,-0.25
Device_1,1915-11-06,-0.0116
Device_2,1915-11-06,-0.12
Device_1,1915-10-06,-0.1722
Device_2,1915-10-06,-0.22
Device_1,1915-09-06,-0.1111
Device_2,1915-09-06,-0.12
Device_1,1915-08-06,-0.0760
Device_2,1915-08-06,-0.15
Device_1,1915-07-06,-0.0284
Device_2,1915-07-06,-0.03
Device_1,1915-06-06,-0.0858
Device_2,1915-06-06,-0.16
Device_1,1915-05-06,-0.0685
Device_2,1915-05-06,-0.01
Device_1,1915-04-06,0.0215
Device_2,1915-04-06,0.07
Device_1,1915-03-06,-0.1011
Device_2,1915-03-06,-0.08
Device_1,1915-02-06,-0.0108
Device_2,1915-02-06,-0.01
Device_1,1915-01-06,-0.1374
Device_2,1915-01-06,-0.2
Device_1,1914-12-06,-0.0998
Device_2,1914-12-06,-0.1
Device_1,1914-11-06,-0.1202
Device_2,1914-11-06,-0.2
Device_1,1914-10-06,-0.0938
Device_2,1914-10-06,-0.05
Device_1,1914-09-06,-0.1781
Device_2,1914-09-06,-0.13
Device_1,1914-08-06,-0.1757
Device_2,1914-08-06,-0.15
Device_1,1914-07-06,-0.2095
Device_2,1914-07-06,-0.24
Device_1,1914-06-06,-0.1963
Device_2,1914-06-06,-0.22
Device_1,1914-05-06,-0.1647
Device_2,1914-05-06,-0.19
Device_1,1914-04-06,-0.2481
Device_2,1914-04-06,-0.28
Device_1,1914-03-06,-0.1633
Device_2,1914-03-06,-0.23
Device_1,1914-02-06,-0.1203
Device_2,1914-02-06,-0.13
Device_1,1914-01-06,0.0961
Device_2,1914-01-06,0.02
Device_1,1913-12-06,-0.0374
Device_2,1913-12-06,-0.04
Device_1,1913-11-06,-0.1371
Device_2,1913-11-06,-0.18
Device_1,1913-10-06,-0.3112
Device_2,1913-10-06,-0.34
Device_1,1913-09-06,-0.3562
Device_2,1913-09-06,-0.32
Device_1,1913-08-06,-0.3280
Device_2,1913-08-06,-0.32
Device_1,1913-07-06,-0.3534
Device_2,1913-07-06,-0.34
Device_1,1913-06-06,-0.3779
Device_2,1913-06-06,-0.46
Device_1,1913-05-06,-0.3940
Device_2,1913-05-06,-0.45
Device_1,1913-04-06,-0.3506
Device_2,1913-04-06,-0.36
Device_1,1913-03-06,-0.4077
Device_2,1913-03-06,-0.44
Device_1,1913-02-06,-0.3899
Device_2,1913-02-06,-0.44
Device_1,1913-01-06,-0.3513
Device_2,1913-01-06,-0.41
Device_1,1912-12-06,-0.3553
Device_2,1912-12-06,-0.42
Device_1,1912-11-06,-0.4122
Device_2,1912-11-06,-0.38
Device_1,1912-10-06,-0.5185
Device_2,1912-10-06,-0.55
Device_1,1912-09-06,-0.5056
Device_2,1912-09-06,-0.47
Device_1,1912-08-06,-0.4516
Device_2,1912-08-06,-0.51
Device_1,1912-07-06,-0.3140
Device_2,1912-07-06,-0.41
Device_1,1912-06-06,-0.2600
Device_2,1912-06-06,-0.26
Device_1,1912-05-06,-0.2257
Device_2,1912-05-06,-0.2
Device_1,1912-04-06,-0.2027
Device_2,1912-04-06,-0.2
Device_1,1912-03-06,-0.3123
Device_2,1912-03-06,-0.37
Device_1,1912-02-06,-0.1091
Device_2,1912-02-06,-0.13
Device_1,1912-01-06,-0.2791
Device_2,1912-01-06,-0.27
Device_1,1911-12-06,-0.2456
Device_2,1911-12-06,-0.25
Device_1,1911-11-06,-0.2571
Device_2,1911-11-06,-0.2
Device_1,1911-10-06,-0.3433
Device_2,1911-10-06,-0.26
Device_1,1911-09-06,-0.3983
Device_2,1911-09-06,-0.38
Device_1,1911-08-06,-0.4541
Device_2,1911-08-06,-0.43
Device_1,1911-07-06,-0.4658
Device_2,1911-07-06,-0.41
Device_1,1911-06-06,-0.4443
Device_2,1911-06-06,-0.47
Device_1,1911-05-06,-0.4775
Device_2,1911-05-06,-0.51
Device_1,1911-04-06,-0.5099
Device_2,1911-04-06,-0.55
Device_1,1911-03-06,-0.5697
Device_2,1911-03-06,-0.62
Device_1,1911-02-06,-0.5265
Device_2,1911-02-06,-0.6
Device_1,1911-01-06,-0.5067
Device_2,1911-01-06,-0.64
Device_1,1910-12-06,-0.5626
Device_2,1910-12-06,-0.69
Device_1,1910-11-06,-0.4956
Device_2,1910-11-06,-0.56
Device_1,1910-10-06,-0.4199
Device_2,1910-10-06,-0.39
Device_1,1910-09-06,-0.3322
Device_2,1910-09-06,-0.37
Device_1,1910-08-06,-0.3325
Device_2,1910-08-06,-0.34
Device_1,1910-07-06,-0.3264
Device_2,1910-07-06,-0.31
Device_1,1910-06-06,-0.3525
Device_2,1910-06-06,-0.36
Device_1,1910-05-06,-0.2999
Device_2,1910-05-06,-0.34
Device_1,1910-04-06,-0.3390
Device_2,1910-04-06,-0.39
Device_1,1910-03-06,-0.4202
Device_2,1910-03-06,-0.47
Device_1,1910-02-06,-0.3627
Device_2,1910-02-06,-0.43
Device_1,1910-01-06,-0.3035
Device_2,1910-01-06,-0.44
Device_1,1909-12-06,-0.4071
Device_2,1909-12-06,-0.55
Device_1,1909-11-06,-0.2733
Device_2,1909-11-06,-0.31
Device_1,1909-10-06,-0.3935
Device_2,1909-10-06,-0.39
Device_1,1909-09-06,-0.3611
Device_2,1909-09-06,-0.37
Device_1,1909-08-06,-0.3052
Device_2,1909-08-06,-0.3
Device_1,1909-07-06,-0.4350
Device_2,1909-07-06,-0.43
Device_1,1909-06-06,-0.4145
Device_2,1909-06-06,-0.52
Device_1,1909-05-06,-0.4512
Device_2,1909-05-06,-0.54
Device_1,1909-04-06,-0.5264
Device_2,1909-04-06,-0.59
Device_1,1909-03-06,-0.5399
Device_2,1909-03-06,-0.52
Device_1,1909-02-06,-0.4563
Device_2,1909-02-06,-0.47
Device_1,1909-01-06,-0.5499
Device_2,1909-01-06,-0.7
Device_1,1908-12-06,-0.3846
Device_2,1908-12-06,-0.5
Device_1,1908-11-06,-0.4833
Device_2,1908-11-06,-0.51
Device_1,1908-10-06,-0.5169
Device_2,1908-10-06,-0.43
Device_1,1908-09-06,-0.3973
Device_2,1908-09-06,-0.33
Device_1,1908-08-06,-0.4787
Device_2,1908-08-06,-0.45
Device_1,1908-07-06,-0.3874
Device_2,1908-07-06,-0.35
Device_1,1908-06-06,-0.4062
Device_2,1908-06-06,-0.39
Device_1,1908-05-06,-0.3982
Device_2,1908-05-06,-0.4
Device_1,1908-04-06,-0.4832
Device_2,1908-04-06,-0.46
Device_1,1908-03-06,-0.6041
Device_2,1908-03-06,-0.58
Device_1,1908-02-06,-0.3753
Device_2,1908-02-06,-0.36
Device_1,1908-01-06,-0.3600
Device_2,1908-01-06,-0.46
Device_1,1907-12-06,-0.3922
Device_2,1907-12-06,-0.5
Device_1,1907-11-06,-0.5055
Device_2,1907-11-06,-0.51
Device_1,1907-10-06,-0.3047
Device_2,1907-10-06,-0.24
Device_1,1907-09-06,-0.3364
Device_2,1907-09-06,-0.32
Device_1,1907-08-06,-0.3378
Device_2,1907-08-06,-0.37
Device_1,1907-07-06,-0.3547
Device_2,1907-07-06,-0.35
Device_1,1907-06-06,-0.3742
Device_2,1907-06-06,-0.43
Device_1,1907-05-06,-0.4669
Device_2,1907-05-06,-0.46
Device_1,1907-04-06,-0.3508
Device_2,1907-04-06,-0.4
Device_1,1907-03-06,-0.2760
Device_2,1907-03-06,-0.25
Device_1,1907-02-06,-0.4038
Device_2,1907-02-06,-0.53
Device_1,1907-01-06,-0.3443
Device_2,1907-01-06,-0.44
Device_1,1906-12-06,-0.1650
Device_2,1906-12-06,-0.18
Device_1,1906-11-06,-0.3676
Device_2,1906-11-06,-0.38
Device_1,1906-10-06,-0.2809
Device_2,1906-10-06,-0.2
Device_1,1906-09-06,-0.3053
Device_2,1906-09-06,-0.25
Device_1,1906-08-06,-0.2362
Device_2,1906-08-06,-0.19
Device_1,1906-07-06,-0.2467
Device_2,1906-07-06,-0.27
Device_1,1906-06-06,-0.1768
Device_2,1906-06-06,-0.22
Device_1,1906-05-06,-0.2166
Device_2,1906-05-06,-0.21
Device_1,1906-04-06,-0.0514
Device_2,1906-04-06,-0.02
Device_1,1906-03-06,-0.1484
Device_2,1906-03-06,-0.15
Device_1,1906-02-06,-0.2379
Device_2,1906-02-06,-0.34
Device_1,1906-01-06,-0.1755
Device_2,1906-01-06,-0.31
Device_1,1905-12-06,-0.1334
Device_2,1905-12-06,-0.21
Device_1,1905-11-06,-0.0916
Device_2,1905-11-06,-0.08
Device_1,1905-10-06,-0.2960
Device_2,1905-10-06,-0.23
Device_1,1905-09-06,-0.2239
Device_2,1905-09-06,-0.15
Device_1,1905-08-06,-0.2275
Device_2,1905-08-06,-0.21
Device_1,1905-07-06,-0.1918
Device_2,1905-07-06,-0.25
Device_1,1905-06-06,-0.2503
Device_2,1905-06-06,-0.31
Device_1,1905-05-06,-0.2879
Device_2,1905-05-06,-0.33
Device_1,1905-04-06,-0.4481
Device_2,1905-04-06,-0.36
Device_1,1905-03-06,-0.3940
Device_2,1905-03-06,-0.25
Device_1,1905-02-06,-0.6187
Device_2,1905-02-06,-0.59
Device_1,1905-01-06,-0.3540
Device_2,1905-01-06,-0.38
Device_1,1904-12-06,-0.2414
Device_2,1904-12-06,-0.29
Device_1,1904-11-06,-0.1686
Device_2,1904-11-06,-0.16
Device_1,1904-10-06,-0.4066
Device_2,1904-10-06,-0.35
Device_1,1904-09-06,-0.4632
Device_2,1904-09-06,-0.47
Device_1,1904-08-06,-0.4314
Device_2,1904-08-06,-0.43
Device_1,1904-07-06,-0.4597
Device_2,1904-07-06,-0.48
Device_1,1904-06-06,-0.4403
Device_2,1904-06-06,-0.49
Device_1,1904-05-06,-0.4282
Device_2,1904-05-06,-0.5
Device_1,1904-04-06,-0.4717
Device_2,1904-04-06,-0.5
Device_1,1904-03-06,-0.5129
Device_2,1904-03-06,-0.46
Device_1,1904-02-06,-0.4670
Device_2,1904-02-06,-0.55
Device_1,1904-01-06,-0.5416
Device_2,1904-01-06,-0.64
Device_1,1903-12-06,-0.3861
Device_2,1903-12-06,-0.47
Device_1,1903-11-06,-0.3950
Device_2,1903-11-06,-0.38
Device_1,1903-10-06,-0.4357
Device_2,1903-10-06,-0.42
Device_1,1903-09-06,-0.3756
Device_2,1903-09-06,-0.43
Device_1,1903-08-06,-0.4296
Device_2,1903-08-06,-0.44
Device_1,1903-07-06,-0.3340
Device_2,1903-07-06,-0.3
Device_1,1903-06-06,-0.3759
Device_2,1903-06-06,-0.44
Device_1,1903-05-06,-0.3912
Device_2,1903-05-06,-0.41
Device_1,1903-04-06,-0.3540
Device_2,1903-04-06,-0.39
Device_1,1903-03-06,-0.2755
Device_2,1903-03-06,-0.23
Device_1,1903-02-06,-0.0800
Device_2,1903-02-06,-0.06
Device_1,1903-01-06,-0.2101
Device_2,1903-01-06,-0.27
Device_1,1902-12-06,-0.3592
Device_2,1902-12-06,-0.46
Device_1,1902-11-06,-0.3430
Device_2,1902-11-06,-0.36
Device_1,1902-10-06,-0.2821
Device_2,1902-10-06,-0.27
Device_1,1902-09-06,-0.2315
Device_2,1902-09-06,-0.2
Device_1,1902-08-06,-0.2643
Device_2,1902-08-06,-0.28
Device_1,1902-07-06,-0.2902
Device_2,1902-07-06,-0.26
Device_1,1902-06-06,-0.3324
Device_2,1902-06-06,-0.34
Device_1,1902-05-06,-0.2616
Device_2,1902-05-06,-0.31
Device_1,1902-04-06,-0.2697
Device_2,1902-04-06,-0.27
Device_1,1902-03-06,-0.1954
Device_2,1902-03-06,-0.29
Device_1,1902-02-06,-0.0409
Device_2,1902-02-06,-0.03
Device_1,1902-01-06,-0.0856
Device_2,1902-01-06,-0.19
Device_1,1901-12-06,-0.2372
Device_2,1901-12-06,-0.3
Device_1,1901-11-06,-0.1425
Device_2,1901-11-06,-0.17
Device_1,1901-10-06,-0.2786
Device_2,1901-10-06,-0.29
Device_1,1901-09-06,-0.2059
Device_2,1901-09-06,-0.17
Device_1,1901-08-06,-0.1299
Device_2,1901-08-06,-0.13
Device_1,1901-07-06,-0.1563
Device_2,1901-07-06,-0.09
Device_1,1901-06-06,-0.1273
Device_2,1901-06-06,-0.1
Device_1,1901-05-06,-0.1248
Device_2,1901-05-06,-0.18
Device_1,1901-04-06,-0.0646
Device_2,1901-04-06,-0.06
Device_1,1901-03-06,-0.0327
Device_2,1901-03-06,0.05
Device_1,1901-02-06,-0.0741
Device_2,1901-02-06,-0.05
Device_1,1901-01-06,-0.1259
Device_2,1901-01-06,-0.3
Device_1,1900-12-06,0.0320
Device_2,1900-12-06,-0.14
Device_1,1900-11-06,-0.1345
Device_2,1900-11-06,-0.13
Device_1,1900-10-06,0.0464
Device_2,1900-10-06,0.08
Device_1,1900-09-06,-0.0600
Device_2,1900-09-06,0.01
Device_1,1900-08-06,-0.0708
Device_2,1900-08-06,-0.04
Device_1,1900-07-06,-0.0728
Device_2,1900-07-06,-0.09
Device_1,1900-06-06,-0.0450
Device_2,1900-06-06,-0.15
Device_1,1900-05-06,-0.0371
Device_2,1900-05-06,-0.06
Device_1,1900-04-06,-0.0985
Device_2,1900-04-06,-0.14
Device_1,1900-03-06,-0.0402
Device_2,1900-03-06,0.02
Device_1,1900-02-06,-0.0934
Device_2,1900-02-06,-0.08
Device_1,1900-01-06,-0.2404
Device_2,1900-01-06,-0.4
Device_1,1899-12-06,-0.1656
Device_2,1899-12-06,-0.27
Device_1,1899-11-06,0.1523
Device_2,1899-11-06,0.12
Device_1,1899-10-06,-0.0241
Device_2,1899-10-06,0.0
Device_1,1899-09-06,-0.0307
Device_2,1899-09-06,0.0
Device_1,1899-08-06,-0.0664
Device_2,1899-08-06,-0.04
Device_1,1899-07-06,-0.1259
Device_2,1899-07-06,-0.13
Device_1,1899-06-06,-0.1977
Device_2,1899-06-06,-0.26
Device_1,1899-05-06,-0.1203
Device_2,1899-05-06,-0.2
Device_1,1899-04-06,-0.1946
Device_2,1899-04-06,-0.21
Device_1,1899-03-06,-0.2549
Device_2,1899-03-06,-0.35
Device_1,1899-02-06,-0.2787
Device_2,1899-02-06,-0.39
Device_1,1899-01-06,-0.1005
Device_2,1899-01-06,-0.18
Device_1,1898-12-06,-0.0073
Device_2,1898-12-06,-0.22
Device_1,1898-11-06,-0.2417
Device_2,1898-11-06,-0.35
Device_1,1898-10-06,-0.3234
Device_2,1898-10-06,-0.32
Device_1,1898-09-06,-0.1968
Device_2,1898-09-06,-0.19
Device_1,1898-08-06,-0.2306
Device_2,1898-08-06,-0.22
Device_1,1898-07-06,-0.2426
Device_2,1898-07-06,-0.22
Device_1,1898-06-06,-0.2078
Device_2,1898-06-06,-0.2
Device_1,1898-05-06,-0.2887
Device_2,1898-05-06,-0.35
Device_1,1898-04-06,-0.3467
Device_2,1898-04-06,-0.33
Device_1,1898-03-06,-0.6515
Device_2,1898-03-06,-0.55
Device_1,1898-02-06,-0.2785
Device_2,1898-02-06,-0.34
Device_1,1898-01-06,-0.0399
Device_2,1898-01-06,-0.06
Device_1,1897-12-06,-0.2989
Device_2,1897-12-06,-0.26
Device_1,1897-11-06,-0.2619
Device_2,1897-11-06,-0.18
Device_1,1897-10-06,-0.1608
Device_2,1897-10-06,-0.1
Device_1,1897-09-06,-0.0247
Device_2,1897-09-06,-0.04
Device_1,1897-08-06,-0.0735
Device_2,1897-08-06,-0.03
Device_1,1897-07-06,-0.0401
Device_2,1897-07-06,-0.04
Device_1,1897-06-06,-0.1000
Device_2,1897-06-06,-0.12
Device_1,1897-05-06,-0.0256
Device_2,1897-05-06,0.0
Device_1,1897-04-06,-0.0032
Device_2,1897-04-06,-0.01
Device_1,1897-03-06,-0.1863
Device_2,1897-03-06,-0.12
Device_1,1897-02-06,-0.1086
Device_2,1897-02-06,-0.19
Device_1,1897-01-06,-0.1857
Device_2,1897-01-06,-0.22
Device_1,1896-12-06,0.0490
Device_2,1896-12-06,-0.12
Device_1,1896-11-06,-0.1659
Device_2,1896-11-06,-0.16
Device_1,1896-10-06,-0.0056
Device_2,1896-10-06,0.04
Device_1,1896-09-06,-0.0679
Device_2,1896-09-06,-0.05
Device_1,1896-08-06,-0.0723
Device_2,1896-08-06,-0.09
Device_1,1896-07-06,-0.0509
Device_2,1896-07-06,-0.06
Device_1,1896-06-06,-0.0925
Device_2,1896-06-06,-0.13
Device_1,1896-05-06,-0.1042
Device_2,1896-05-06,-0.19
Device_1,1896-04-06,-0.2660
Device_2,1896-04-06,-0.33
Device_1,1896-03-06,-0.2079
Device_2,1896-03-06,-0.29
Device_1,1896-02-06,-0.0789
Device_2,1896-02-06,-0.15
Device_1,1896-01-06,-0.1056
Device_2,1896-01-06,-0.23
Device_1,1895-12-06,-0.0690
Device_2,1895-12-06,-0.12
Device_1,1895-11-06,-0.1602
Device_2,1895-11-06,-0.15
Device_1,1895-10-06,-0.1317
Device_2,1895-10-06,-0.11
Device_1,1895-09-06,-0.1329
Device_2,1895-09-06,-0.02
Device_1,1895-08-06,-0.2243
Device_2,1895-08-06,-0.16
Device_1,1895-07-06,-0.2010
Device_2,1895-07-06,-0.16
Device_1,1895-06-06,-0.2938
Device_2,1895-06-06,-0.25
Device_1,1895-05-06,-0.2076
Device_2,1895-05-06,-0.23
Device_1,1895-04-06,-0.1868
Device_2,1895-04-06,-0.23
Device_1,1895-03-06,-0.2879
Device_2,1895-03-06,-0.3
Device_1,1895-02-06,-0.4136
Device_2,1895-02-06,-0.42
Device_1,1895-01-06,-0.4389
Device_2,1895-01-06,-0.44
Device_1,1894-12-06,-0.2412
Device_2,1894-12-06,-0.22
Device_1,1894-11-06,-0.2979
Device_2,1894-11-06,-0.25
Device_1,1894-10-06,-0.2135
Device_2,1894-10-06,-0.17
Device_1,1894-09-06,-0.2531
Device_2,1894-09-06,-0.23
Device_1,1894-08-06,-0.2735
Device_2,1894-08-06,-0.29
Device_1,1894-07-06,-0.2738
Device_2,1894-07-06,-0.32
Device_1,1894-06-06,-0.3487
Device_2,1894-06-06,-0.43
Device_1,1894-05-06,-0.3018
Device_2,1894-05-06,-0.3
Device_1,1894-04-06,-0.3023
Device_2,1894-04-06,-0.41
Device_1,1894-03-06,-0.2064
Device_2,1894-03-06,-0.2
Device_1,1894-02-06,-0.2215
Device_2,1894-02-06,-0.31
Device_1,1894-01-06,-0.4360
Device_2,1894-01-06,-0.55
Device_1,1893-12-06,-0.2452
Device_2,1893-12-06,-0.38
Device_1,1893-11-06,-0.1657
Device_2,1893-11-06,-0.17
Device_1,1893-10-06,-0.2099
Device_2,1893-10-06,-0.16
Device_1,1893-09-06,-0.2587
Device_2,1893-09-06,-0.18
Device_1,1893-08-06,-0.3281
Device_2,1893-08-06,-0.24
Device_1,1893-07-06,-0.2018
Device_2,1893-07-06,-0.14
Device_1,1893-06-06,-0.2405
Device_2,1893-06-06,-0.24
Device_1,1893-05-06,-0.3421
Device_2,1893-05-06,-0.35
Device_1,1893-04-06,-0.3500
Device_2,1893-04-06,-0.32
Device_1,1893-03-06,-0.2218
Device_2,1893-03-06,-0.24
Device_1,1893-02-06,-0.6107
Device_2,1893-02-06,-0.51
Device_1,1893-01-06,-0.6796
Device_2,1893-01-06,-0.69
Device_1,1892-12-06,-0.4708
Device_2,1892-12-06,-0.29
Device_1,1892-11-06,-0.4728
Device_2,1892-11-06,-0.49
Device_1,1892-10-06,-0.2464
Device_2,1892-10-06,-0.17
Device_1,1892-09-06,-0.2198
Device_2,1892-09-06,-0.25
Device_1,1892-08-06,-0.3279
Device_2,1892-08-06,-0.2
Device_1,1892-07-06,-0.3497
Device_2,1892-07-06,-0.28
Device_1,1892-06-06,-0.2831
Device_2,1892-06-06,-0.2
Device_1,1892-05-06,-0.3081
Device_2,1892-05-06,-0.25
Device_1,1892-04-06,-0.3203
Device_2,1892-04-06,-0.35
Device_1,1892-03-06,-0.3032
Device_2,1892-03-06,-0.36
Device_1,1892-02-06,-0.1353
Device_2,1892-02-06,-0.15
Device_1,1892-01-06,-0.2372
Device_2,1892-01-06,-0.26
Device_1,1891-12-06,-0.0421
Device_2,1891-12-06,-0.03
Device_1,1891-11-06,-0.3968
Device_2,1891-11-06,-0.37
Device_1,1891-10-06,-0.2861
Device_2,1891-10-06,-0.24
Device_1,1891-09-06,-0.1514
Device_2,1891-09-06,-0.13
Device_1,1891-08-06,-0.2313
Device_2,1891-08-06,-0.21
Device_1,1891-07-06,-0.2264
Device_2,1891-07-06,-0.22
Device_1,1891-06-06,-0.2023
Device_2,1891-06-06,-0.22
Device_1,1891-05-06,-0.1374
Device_2,1891-05-06,-0.17
Device_1,1891-04-06,-0.2523
Device_2,1891-04-06,-0.25
Device_1,1891-03-06,-0.2120
Device_2,1891-03-06,-0.15
Device_1,1891-02-06,-0.5228
Device_2,1891-02-06,-0.49
Device_1,1891-01-06,-0.3772
Device_2,1891-01-06,-0.46
Device_1,1890-12-06,-0.2302
Device_2,1890-12-06,-0.3
Device_1,1890-11-06,-0.3419
Device_2,1890-11-06,-0.37
Device_1,1890-10-06,-0.2941
Device_2,1890-10-06,-0.23
Device_1,1890-09-06,-0.3508
Device_2,1890-09-06,-0.36
Device_1,1890-08-06,-0.3257
Device_2,1890-08-06,-0.36
Device_1,1890-07-06,-0.2802
Device_2,1890-07-06,-0.3
Device_1,1890-06-06,-0.2875
Device_2,1890-06-06,-0.27
Device_1,1890-05-06,-0.3892
Device_2,1890-05-06,-0.48
Device_1,1890-04-06,-0.2588
Device_2,1890-04-06,-0.38
Device_1,1890-03-06,-0.3189
Device_2,1890-03-06,-0.41
Device_1,1890-02-06,-0.4268
Device_2,1890-02-06,-0.48
Device_1,1890-01-06,-0.3594
Device_2,1890-01-06,-0.48
Device_1,1889-12-06,-0.1750
Device_2,1889-12-06,-0.31
Device_1,1889-11-06,-0.2769
Device_2,1889-11-06,-0.32
Device_1,1889-10-06,-0.1913
Device_2,1889-10-06,-0.22
Device_1,1889-09-06,-0.2264
Device_2,1889-09-06,-0.18
Device_1,1889-08-06,-0.1370
Device_2,1889-08-06,-0.18
Device_1,1889-07-06,-0.1604
Device_2,1889-07-06,-0.05
Device_1,1889-06-06,-0.0698
Device_2,1889-06-06,-0.12
Device_1,1889-05-06,-0.0326
Device_2,1889-05-06,-0.03
Device_1,1889-04-06,0.0496
Device_2,1889-04-06,0.04
Device_1,1889-03-06,0.1207
Device_2,1889-03-06,0.04
Device_1,1889-02-06,0.0152
Device_2,1889-02-06,0.14
Device_1,1889-01-06,-0.0944
Device_2,1889-01-06,-0.21
Device_1,1888-12-06,0.0445
Device_2,1888-12-06,-0.12
Device_1,1888-11-06,-0.0418
Device_2,1888-11-06,0.0
Device_1,1888-10-06,0.0190
Device_2,1888-10-06,0.01
Device_1,1888-09-06,-0.0690
Device_2,1888-09-06,-0.07
Device_1,1888-08-06,-0.1633
Device_2,1888-08-06,-0.11
Device_1,1888-07-06,-0.1149
Device_2,1888-07-06,-0.1
Device_1,1888-06-06,-0.0943
Device_2,1888-06-06,-0.2
Device_1,1888-05-06,-0.1561
Device_2,1888-05-06,-0.22
Device_1,1888-04-06,-0.1761
Device_2,1888-04-06,-0.28
Device_1,1888-03-06,-0.2974
Device_2,1888-03-06,-0.47
Device_1,1888-02-06,-0.3288
Device_2,1888-02-06,-0.43
Device_1,1888-01-06,-0.3871
Device_2,1888-01-06,-0.43
Device_1,1887-12-06,-0.1988
Device_2,1887-12-06,-0.38
Device_1,1887-11-06,-0.1572
Device_2,1887-11-06,-0.25
Device_1,1887-10-06,-0.2995
Device_2,1887-10-06,-0.32
Device_1,1887-09-06,-0.1827
Device_2,1887-09-06,-0.19
Device_1,1887-08-06,-0.3148
Device_2,1887-08-06,-0.28
Device_1,1887-07-06,-0.2707
Device_2,1887-07-06,-0.19
Device_1,1887-06-06,-0.2149
Device_2,1887-06-06,-0.21
Device_1,1887-05-06,-0.2390
Device_2,1887-05-06,-0.33
Device_1,1887-04-06,-0.1899
Device_2,1887-04-06,-0.37
Device_1,1887-03-06,-0.1655
Device_2,1887-03-06,-0.32
Device_1,1887-02-06,-0.3745
Device_2,1887-02-06,-0.48
Device_1,1887-01-06,-0.3792
Device_2,1887-01-06,-0.66
Device_1,1886-12-06,-0.1630
Device_2,1886-12-06,-0.25
Device_1,1886-11-06,-0.1952
Device_2,1886-11-06,-0.26
Device_1,1886-10-06,-0.2261
Device_2,1886-10-06,-0.25
Device_1,1886-09-06,-0.1969
Device_2,1886-09-06,-0.19
Device_1,1886-08-06,-0.2146
Device_2,1886-08-06,-0.31
Device_1,1886-07-06,-0.1599
Device_2,1886-07-06,-0.16
Device_1,1886-06-06,-0.2468
Device_2,1886-06-06,-0.39
Device_1,1886-05-06,-0.1573
Device_2,1886-05-06,-0.27
Device_1,1886-04-06,-0.1679
Device_2,1886-04-06,-0.29
Device_1,1886-03-06,-0.2823
Device_2,1886-03-06,-0.41
Device_1,1886-02-06,-0.2795
Device_2,1886-02-06,-0.46
Device_1,1886-01-06,-0.1143
Device_2,1886-01-06,-0.43
Device_1,1885-12-06,0.0500
Device_2,1885-12-06,-0.07
Device_1,1885-11-06,-0.1262
Device_2,1885-11-06,-0.22
Device_1,1885-10-06,-0.1289
Device_2,1885-10-06,-0.2
Device_1,1885-09-06,-0.1963
Device_2,1885-09-06,-0.19
Device_1,1885-08-06,-0.2407
Device_2,1885-08-06,-0.27
Device_1,1885-07-06,-0.2375
Device_2,1885-07-06,-0.29
Device_1,1885-06-06,-0.3052
Device_2,1885-06-06,-0.5
Device_1,1885-05-06,-0.2787
Device_2,1885-05-06,-0.42
Device_1,1885-04-06,-0.2564
Device_2,1885-04-06,-0.45
Device_1,1885-03-06,-0.1473
Device_2,1885-03-06,-0.24
Device_1,1885-02-06,-0.2558
Device_2,1885-02-06,-0.3
Device_1,1885-01-06,-0.4267
Device_2,1885-01-06,-0.66
Device_1,1884-12-06,-0.1440
Device_2,1884-12-06,-0.3
Device_1,1884-11-06,-0.2692
Device_2,1884-11-06,-0.3
Device_1,1884-10-06,-0.1695
Device_2,1884-10-06,-0.22
Device_1,1884-09-06,-0.2238
Device_2,1884-09-06,-0.24
Device_1,1884-08-06,-0.2698
Device_2,1884-08-06,-0.27
Device_1,1884-07-06,-0.2985
Device_2,1884-07-06,-0.35
Device_1,1884-06-06,-0.1939
Device_2,1884-06-06,-0.38
Device_1,1884-05-06,-0.1282
Device_2,1884-05-06,-0.32
Device_1,1884-04-06,-0.1809
Device_2,1884-04-06,-0.36
Device_1,1884-03-06,-0.2061
Device_2,1884-03-06,-0.36
Device_1,1884-02-06,-0.1430
Device_2,1884-02-06,-0.13
Device_1,1884-01-06,-0.1843
Device_2,1884-01-06,-0.18
Device_1,1883-12-06,-0.0738
Device_2,1883-12-06,-0.19
Device_1,1883-11-06,-0.1683
Device_2,1883-11-06,-0.21
Device_1,1883-10-06,-0.1612
Device_2,1883-10-06,-0.12
Device_1,1883-09-06,-0.1467
Device_2,1883-09-06,-0.19
Device_1,1883-08-06,-0.0526
Device_2,1883-08-06,-0.14
Device_1,1883-07-06,-0.0849
Device_2,1883-07-06,-0.09
Device_1,1883-06-06,-0.0066
Device_2,1883-06-06,-0.13
Device_1,1883-05-06,-0.1455
Device_2,1883-05-06,-0.26
Device_1,1883-04-06,-0.1746
Device_2,1883-04-06,-0.25
Device_1,1883-03-06,-0.1326
Device_2,1883-03-06,-0.18
Device_1,1883-02-06,-0.2915
Device_2,1883-02-06,-0.42
Device_1,1883-01-06,-0.2707
Device_2,1883-01-06,-0.34
Device_1,1882-12-06,-0.1705
Device_2,1882-12-06,-0.25
Device_1,1882-11-06,-0.1279
Device_2,1882-11-06,-0.21
Device_1,1882-10-06,-0.2101
Device_2,1882-10-06,-0.23
Device_1,1882-09-06,0.0077
Device_2,1882-09-06,-0.01
Device_1,1882-08-06,-0.0037
Device_2,1882-08-06,0.03
Device_1,1882-07-06,-0.0666
Device_2,1882-07-06,-0.11
Device_1,1882-06-06,-0.1391
Device_2,1882-06-06,-0.25
Device_1,1882-05-06,-0.1459
Device_2,1882-05-06,-0.18
Device_1,1882-04-06,-0.1241
Device_2,1882-04-06,-0.2
Device_1,1882-03-06,0.0754
Device_2,1882-03-06,0.01
Device_1,1882-02-06,0.0385
Device_2,1882-02-06,0.08
Device_1,1882-01-06,0.0883
Device_2,1882-01-06,0.09
Device_1,1881-12-06,-0.0439
Device_2,1881-12-06,-0.16
Device_1,1881-11-06,-0.2194
Device_2,1881-11-06,-0.26
Device_1,1881-10-06,-0.2207
Device_2,1881-10-06,-0.2
Device_1,1881-09-06,-0.1824
Device_2,1881-09-06,-0.09
Device_1,1881-08-06,-0.0519
Device_2,1881-08-06,-0.03
Device_1,1881-07-06,-0.0329
Device_2,1881-07-06,-0.07
Device_1,1881-06-06,-0.0892
Device_2,1881-06-06,-0.28
Device_1,1881-05-06,0.0284
Device_2,1881-05-06,-0.04
Device_1,1881-04-06,0.0734
Device_2,1881-04-06,-0.03
Device_1,1881-03-06,0.0348
Device_2,1881-03-06,0.01
Device_1,1881-02-06,-0.0296
Device_2,1881-02-06,-0.14
Device_1,1881-01-06,-0.0205
Device_2,1881-01-06,-0.1
Device_1,1880-12-06,-0.0775
Device_2,1880-12-06,-0.22
Device_1,1880-11-06,-0.2672
Device_2,1880-11-06,-0.19
Device_1,1880-10-06,-0.1786
Device_2,1880-10-06,-0.16
Device_1,1880-09-06,-0.0817
Device_2,1880-09-06,-0.17
Device_1,1880-08-06,-0.0725
Device_2,1880-08-06,-0.08
Device_1,1880-07-06,-0.1491
Device_2,1880-07-06,-0.24
Device_1,1880-06-06,-0.1692
Device_2,1880-06-06,-0.29
Device_1,1880-05-06,-0.0738
Device_2,1880-05-06,-0.14
Device_1,1880-04-06,-0.0499
Device_2,1880-04-06,-0.27
Device_1,1880-03-06,-0.1357
Device_2,1880-03-06,-0.18
Device_1,1880-02-06,-0.1229
Device_2,1880-02-06,-0.21
Device_1,1880-01-06,0.0009
Device_2,1880-01-06,-0.3